-- ============================================================
-- E-COMMERCE DATABASE - Schema + Data (pure SQL)
-- 110 customers, 18 products, 460 orders
-- ============================================================

DROP TABLE IF EXISTS returns;
DROP TABLE IF EXISTS order_items;
DROP TABLE IF EXISTS orders;
DROP TABLE IF EXISTS products;
DROP TABLE IF EXISTS customers;

CREATE TABLE customers (
    customer_id   INTEGER PRIMARY KEY,
    customer_name TEXT NOT NULL,
    city          TEXT,
    signup_date   TEXT
);

CREATE TABLE products (
    product_id    INTEGER PRIMARY KEY,
    product_name  TEXT NOT NULL,
    category      TEXT,
    unit_price    REAL
);

CREATE TABLE orders (
    order_id      INTEGER PRIMARY KEY,
    customer_id   INTEGER REFERENCES customers(customer_id),
    order_date    TEXT,
    status        TEXT,
    order_total   REAL
);

CREATE TABLE order_items (
    order_item_id INTEGER PRIMARY KEY,
    order_id      INTEGER REFERENCES orders(order_id),
    product_id    INTEGER REFERENCES products(product_id),
    quantity      INTEGER,
    unit_price    REAL
);

CREATE TABLE returns (
    return_id     INTEGER PRIMARY KEY,
    order_item_id INTEGER REFERENCES order_items(order_item_id),
    return_date   TEXT,
    reason        TEXT
);


-- customers (110 rows)
INSERT INTO customers VALUES (1, 'Neha Reddy', 'Hyderabad', '2024-08-02');
INSERT INTO customers VALUES (2, 'Divya Mehta', 'Jaipur', '2024-04-20');
INSERT INTO customers VALUES (3, 'Isha Joshi', 'Mumbai', '2024-09-15');
INSERT INTO customers VALUES (4, 'Anjali Sharma', 'Delhi', '2024-07-08');
INSERT INTO customers VALUES (5, 'Kavita Verma', 'Mumbai', '2024-04-28');
INSERT INTO customers VALUES (6, 'Anjali Sharma', 'Chennai', '2024-07-27');
INSERT INTO customers VALUES (7, 'Manoj Sharma', 'Bangalore', '2024-10-03');
INSERT INTO customers VALUES (8, 'Isha Verma', 'Hyderabad', '2024-07-07');
INSERT INTO customers VALUES (9, 'Amit Gupta', 'Hyderabad', '2024-02-15');
INSERT INTO customers VALUES (10, 'Sneha Sharma', 'Chennai', '2024-03-23');
INSERT INTO customers VALUES (11, 'Sanjay Reddy', 'Chennai', '2024-03-18');
INSERT INTO customers VALUES (12, 'Neha Sharma', 'Chennai', '2024-04-30');
INSERT INTO customers VALUES (13, 'Rohan Singh', 'Mumbai', '2024-10-24');
INSERT INTO customers VALUES (14, 'Rohan Verma', 'Pune', '2024-08-31');
INSERT INTO customers VALUES (15, 'Ravi Singh', 'Bangalore', '2024-03-15');
INSERT INTO customers VALUES (16, 'Kavita Kumar', 'Bangalore', '2024-08-19');
INSERT INTO customers VALUES (17, 'Ravi Patel', 'Chennai', '2024-07-16');
INSERT INTO customers VALUES (18, 'Arjun Sharma', 'Jaipur', '2024-02-17');
INSERT INTO customers VALUES (19, 'Neha Mehta', 'Delhi', '2024-09-08');
INSERT INTO customers VALUES (20, 'Rohan Joshi', 'Pune', '2024-09-24');
INSERT INTO customers VALUES (21, 'Anjali Nair', 'Pune', '2024-06-12');
INSERT INTO customers VALUES (22, 'Sneha Gupta', 'Hyderabad', '2024-03-28');
INSERT INTO customers VALUES (23, 'Pooja Patel', 'Bangalore', '2024-11-01');
INSERT INTO customers VALUES (24, 'Divya Singh', 'Delhi', '2024-03-27');
INSERT INTO customers VALUES (25, 'Rohan Gupta', 'Jaipur', '2024-08-07');
INSERT INTO customers VALUES (26, 'Pooja Gupta', 'Hyderabad', '2024-01-19');
INSERT INTO customers VALUES (27, 'Anjali Reddy', 'Mumbai', '2024-10-29');
INSERT INTO customers VALUES (28, 'Amit Patel', 'Chennai', '2024-09-16');
INSERT INTO customers VALUES (29, 'Ravi Singh', 'Mumbai', '2024-03-24');
INSERT INTO customers VALUES (30, 'Rohan Mehta', 'Jaipur', '2024-07-27');
INSERT INTO customers VALUES (31, 'Isha Sharma', 'Jaipur', '2024-05-27');
INSERT INTO customers VALUES (32, 'Priya Kumar', 'Hyderabad', '2024-05-28');
INSERT INTO customers VALUES (33, 'Priya Reddy', 'Mumbai', '2024-03-28');
INSERT INTO customers VALUES (34, 'Ravi Verma', 'Jaipur', '2024-06-22');
INSERT INTO customers VALUES (35, 'Vikram Gupta', 'Hyderabad', '2024-09-02');
INSERT INTO customers VALUES (36, 'Priya Kumar', 'Mumbai', '2024-11-28');
INSERT INTO customers VALUES (37, 'Isha Sharma', 'Mumbai', '2024-07-06');
INSERT INTO customers VALUES (38, 'Vikram Patel', 'Pune', '2024-08-06');
INSERT INTO customers VALUES (39, 'Isha Nair', 'Jaipur', '2024-09-01');
INSERT INTO customers VALUES (40, 'Divya Gupta', 'Pune', '2024-10-28');
INSERT INTO customers VALUES (41, 'Arjun Gupta', 'Jaipur', '2024-01-06');
INSERT INTO customers VALUES (42, 'Ravi Gupta', 'Hyderabad', '2024-01-13');
INSERT INTO customers VALUES (43, 'Arjun Nair', 'Bangalore', '2024-11-25');
INSERT INTO customers VALUES (44, 'Anjali Nair', 'Chennai', '2024-05-11');
INSERT INTO customers VALUES (45, 'Ravi Gupta', 'Mumbai', '2024-03-13');
INSERT INTO customers VALUES (46, 'Sneha Reddy', 'Delhi', '2024-04-05');
INSERT INTO customers VALUES (47, 'Amit Mehta', 'Jaipur', '2024-03-13');
INSERT INTO customers VALUES (48, 'Rohan Verma', 'Hyderabad', '2024-05-24');
INSERT INTO customers VALUES (49, 'Vikram Kumar', 'Pune', '2024-06-15');
INSERT INTO customers VALUES (50, 'Ravi Mehta', 'Mumbai', '2024-11-14');
INSERT INTO customers VALUES (51, 'Neha Gupta', 'Mumbai', '2024-07-12');
INSERT INTO customers VALUES (52, 'Karan Joshi', 'Jaipur', '2024-01-24');
INSERT INTO customers VALUES (53, 'Priya Sharma', 'Chennai', '2024-08-25');
INSERT INTO customers VALUES (54, 'Rohan Reddy', 'Jaipur', '2024-10-17');
INSERT INTO customers VALUES (55, 'Neha Singh', 'Bangalore', '2024-11-05');
INSERT INTO customers VALUES (56, 'Sanjay Sharma', 'Mumbai', '2024-07-18');
INSERT INTO customers VALUES (57, 'Vikram Kumar', 'Hyderabad', '2024-05-31');
INSERT INTO customers VALUES (58, 'Isha Nair', 'Delhi', '2024-10-06');
INSERT INTO customers VALUES (59, 'Priya Joshi', 'Pune', '2024-06-14');
INSERT INTO customers VALUES (60, 'Divya Kumar', 'Hyderabad', '2024-11-15');
INSERT INTO customers VALUES (61, 'Karan Verma', 'Pune', '2024-06-15');
INSERT INTO customers VALUES (62, 'Karan Patel', 'Delhi', '2024-06-11');
INSERT INTO customers VALUES (63, 'Kavita Verma', 'Jaipur', '2024-02-08');
INSERT INTO customers VALUES (64, 'Rohan Mehta', 'Pune', '2024-11-14');
INSERT INTO customers VALUES (65, 'Amit Mehta', 'Chennai', '2024-09-21');
INSERT INTO customers VALUES (66, 'Ravi Reddy', 'Delhi', '2024-04-25');
INSERT INTO customers VALUES (67, 'Amit Sharma', 'Hyderabad', '2024-08-10');
INSERT INTO customers VALUES (68, 'Priya Singh', 'Bangalore', '2024-10-28');
INSERT INTO customers VALUES (69, 'Ravi Reddy', 'Chennai', '2024-05-01');
INSERT INTO customers VALUES (70, 'Ravi Reddy', 'Bangalore', '2024-09-06');
INSERT INTO customers VALUES (71, 'Anjali Verma', 'Delhi', '2024-09-02');
INSERT INTO customers VALUES (72, 'Neha Mehta', 'Bangalore', '2024-11-05');
INSERT INTO customers VALUES (73, 'Karan Mehta', 'Hyderabad', '2024-11-19');
INSERT INTO customers VALUES (74, 'Arjun Singh', 'Chennai', '2024-09-12');
INSERT INTO customers VALUES (75, 'Ravi Kumar', 'Pune', '2024-07-14');
INSERT INTO customers VALUES (76, 'Amit Gupta', 'Bangalore', '2024-04-13');
INSERT INTO customers VALUES (77, 'Divya Reddy', 'Hyderabad', '2024-03-15');
INSERT INTO customers VALUES (78, 'Rohan Joshi', 'Mumbai', '2024-02-10');
INSERT INTO customers VALUES (79, 'Divya Nair', 'Chennai', '2024-08-24');
INSERT INTO customers VALUES (80, 'Sneha Gupta', 'Hyderabad', '2024-08-09');
INSERT INTO customers VALUES (81, 'Karan Patel', 'Bangalore', '2024-11-24');
INSERT INTO customers VALUES (82, 'Karan Kumar', 'Delhi', '2024-01-15');
INSERT INTO customers VALUES (83, 'Sanjay Joshi', 'Bangalore', '2024-03-19');
INSERT INTO customers VALUES (84, 'Karan Singh', 'Pune', '2024-05-22');
INSERT INTO customers VALUES (85, 'Ravi Gupta', 'Chennai', '2024-08-27');
INSERT INTO customers VALUES (86, 'Ravi Reddy', 'Chennai', '2024-11-11');
INSERT INTO customers VALUES (87, 'Arjun Gupta', 'Hyderabad', '2024-07-15');
INSERT INTO customers VALUES (88, 'Arjun Verma', 'Mumbai', '2024-04-20');
INSERT INTO customers VALUES (89, 'Priya Patel', 'Jaipur', '2024-11-18');
INSERT INTO customers VALUES (90, 'Pooja Sharma', 'Delhi', '2024-09-13');
INSERT INTO customers VALUES (91, 'Priya Reddy', 'Pune', '2024-08-13');
INSERT INTO customers VALUES (92, 'Manoj Singh', 'Delhi', '2024-10-05');
INSERT INTO customers VALUES (93, 'Vikram Verma', 'Bangalore', '2024-04-07');
INSERT INTO customers VALUES (94, 'Manoj Patel', 'Delhi', '2024-07-08');
INSERT INTO customers VALUES (95, 'Neha Gupta', 'Pune', '2024-08-09');
INSERT INTO customers VALUES (96, 'Priya Kumar', 'Mumbai', '2024-08-01');
INSERT INTO customers VALUES (97, 'Ravi Joshi', 'Mumbai', '2024-04-25');
INSERT INTO customers VALUES (98, 'Manoj Sharma', 'Hyderabad', '2024-10-25');
INSERT INTO customers VALUES (99, 'Rohan Verma', 'Chennai', '2024-04-06');
INSERT INTO customers VALUES (100, 'Vikram Sharma', 'Chennai', '2024-09-26');
INSERT INTO customers VALUES (101, 'Isha Mehta', 'Hyderabad', '2024-06-22');
INSERT INTO customers VALUES (102, 'Vikram Kumar', 'Mumbai', '2024-06-29');
INSERT INTO customers VALUES (103, 'Divya Kumar', 'Hyderabad', '2024-11-17');
INSERT INTO customers VALUES (104, 'Amit Verma', 'Hyderabad', '2024-02-04');
INSERT INTO customers VALUES (105, 'Neha Joshi', 'Delhi', '2024-04-07');
INSERT INTO customers VALUES (106, 'Pooja Kumar', 'Bangalore', '2024-01-31');
INSERT INTO customers VALUES (107, 'Neha Sharma', 'Pune', '2024-09-10');
INSERT INTO customers VALUES (108, 'Arjun Reddy', 'Mumbai', '2024-01-17');
INSERT INTO customers VALUES (109, 'Sneha Singh', 'Bangalore', '2024-10-02');
INSERT INTO customers VALUES (110, 'Arjun Reddy', 'Mumbai', '2024-04-09');

-- products (18 rows)
INSERT INTO products VALUES (1, 'Wireless Earbuds', 'Electronics', 1999.0);
INSERT INTO products VALUES (2, 'Bluetooth Speaker', 'Electronics', 2499.0);
INSERT INTO products VALUES (3, 'Smartwatch', 'Electronics', 3999.0);
INSERT INTO products VALUES (4, 'Power Bank', 'Electronics', 1299.0);
INSERT INTO products VALUES (5, 'Cotton T-Shirt', 'Clothing', 599.0);
INSERT INTO products VALUES (6, 'Running Shoes', 'Clothing', 2999.0);
INSERT INTO products VALUES (7, 'Denim Jacket', 'Clothing', 2199.0);
INSERT INTO products VALUES (8, 'Hoodie', 'Clothing', 1799.0);
INSERT INTO products VALUES (9, 'Coffee Mug Set', 'Home', 799.0);
INSERT INTO products VALUES (10, 'Table Lamp', 'Home', 1499.0);
INSERT INTO products VALUES (11, 'Bedsheet', 'Home', 1899.0);
INSERT INTO products VALUES (12, 'Wall Clock', 'Home', 999.0);
INSERT INTO products VALUES (13, 'Face Wash', 'Beauty', 349.0);
INSERT INTO products VALUES (14, 'Moisturizer', 'Beauty', 549.0);
INSERT INTO products VALUES (15, 'Sunscreen', 'Beauty', 449.0);
INSERT INTO products VALUES (16, 'Yoga Mat', 'Sports', 899.0);
INSERT INTO products VALUES (17, 'Water Bottle', 'Sports', 399.0);
INSERT INTO products VALUES (18, 'Football', 'Sports', 1199.0);

-- orders (460 rows)
INSERT INTO orders VALUES (1, 98, '2024-04-11', 'Delivered', 7998.0);
INSERT INTO orders VALUES (2, 22, '2024-05-15', 'Delivered', 2997.0);
INSERT INTO orders VALUES (3, 83, '2024-06-20', 'Cancelled', 6197.0);
INSERT INTO orders VALUES (4, 37, '2024-07-30', 'Delivered', 5195.0);
INSERT INTO orders VALUES (5, 60, '2024-10-07', 'Delivered', 1598.0);
INSERT INTO orders VALUES (6, 57, '2024-04-24', 'Delivered', 898.0);
INSERT INTO orders VALUES (7, 93, '2024-02-14', 'Delivered', 3998.0);
INSERT INTO orders VALUES (8, 39, '2024-04-20', 'Cancelled', 2199.0);
INSERT INTO orders VALUES (9, 78, '2024-03-19', 'Delivered', 1199.0);
INSERT INTO orders VALUES (10, 22, '2024-03-04', 'Delivered', 3198.0);
INSERT INTO orders VALUES (11, 68, '2024-09-23', 'Delivered', 5595.0);
INSERT INTO orders VALUES (12, 26, '2024-11-23', 'Delivered', 8295.0);
INSERT INTO orders VALUES (13, 23, '2024-03-17', 'Delivered', 799.0);
INSERT INTO orders VALUES (14, 34, '2024-07-10', 'Delivered', 3896.0);
INSERT INTO orders VALUES (15, 90, '2024-01-10', 'Delivered', 2499.0);
INSERT INTO orders VALUES (16, 105, '2024-01-07', 'Delivered', 449.0);
INSERT INTO orders VALUES (17, 90, '2024-04-07', 'Delivered', 4997.0);
INSERT INTO orders VALUES (18, 23, '2024-12-13', 'Delivered', 6498.0);
INSERT INTO orders VALUES (19, 106, '2024-03-26', 'Delivered', 2397.0);
INSERT INTO orders VALUES (20, 108, '2024-04-28', 'Delivered', 3747.0);
INSERT INTO orders VALUES (21, 83, '2024-05-30', 'Delivered', 5597.0);
INSERT INTO orders VALUES (22, 47, '2024-02-08', 'Delivered', 399.0);
INSERT INTO orders VALUES (23, 90, '2024-05-29', 'Delivered', 1199.0);
INSERT INTO orders VALUES (24, 83, '2024-05-11', 'Delivered', 2397.0);
INSERT INTO orders VALUES (25, 1, '2024-06-23', 'Delivered', 2598.0);
INSERT INTO orders VALUES (26, 62, '2024-03-06', 'Delivered', 5198.0);
INSERT INTO orders VALUES (27, 31, '2024-07-21', 'Delivered', 3998.0);
INSERT INTO orders VALUES (28, 90, '2024-02-12', 'Delivered', 13043.0);
INSERT INTO orders VALUES (29, 93, '2024-03-26', 'Delivered', 6196.0);
INSERT INTO orders VALUES (30, 104, '2024-02-16', 'Delivered', 698.0);
INSERT INTO orders VALUES (31, 38, '2024-10-16', 'Delivered', 3298.0);
INSERT INTO orders VALUES (32, 39, '2024-05-13', 'Delivered', 1299.0);
INSERT INTO orders VALUES (33, 94, '2024-11-24', 'Delivered', 1899.0);
INSERT INTO orders VALUES (34, 35, '2024-10-09', 'Delivered', 3098.0);
INSERT INTO orders VALUES (35, 80, '2024-05-15', 'Delivered', 1199.0);
INSERT INTO orders VALUES (36, 19, '2024-04-04', 'Delivered', 2147.0);
INSERT INTO orders VALUES (37, 79, '2024-02-29', 'Delivered', 14196.0);
INSERT INTO orders VALUES (38, 55, '2024-11-22', 'Delivered', 1647.0);
INSERT INTO orders VALUES (39, 39, '2024-11-12', 'Delivered', 3998.0);
INSERT INTO orders VALUES (40, 39, '2024-12-09', 'Delivered', 349.0);
INSERT INTO orders VALUES (41, 90, '2024-01-31', 'Delivered', 1899.0);
INSERT INTO orders VALUES (42, 37, '2024-03-23', 'Cancelled', 2999.0);
INSERT INTO orders VALUES (43, 83, '2024-04-25', 'Delivered', 4197.0);
INSERT INTO orders VALUES (44, 90, '2024-09-03', 'Delivered', 10196.0);
INSERT INTO orders VALUES (45, 107, '2024-03-15', 'Delivered', 3448.0);
INSERT INTO orders VALUES (46, 28, '2024-09-20', 'Delivered', 1899.0);
INSERT INTO orders VALUES (47, 90, '2024-06-21', 'Delivered', 1698.0);
INSERT INTO orders VALUES (48, 106, '2024-09-25', 'Delivered', 399.0);
INSERT INTO orders VALUES (49, 20, '2024-07-22', 'Delivered', 1798.0);
INSERT INTO orders VALUES (50, 90, '2024-07-29', 'Delivered', 5295.0);
INSERT INTO orders VALUES (51, 40, '2024-06-24', 'Delivered', 9195.0);
INSERT INTO orders VALUES (52, 107, '2024-02-05', 'Delivered', 3347.0);
INSERT INTO orders VALUES (53, 98, '2024-04-12', 'Delivered', 3597.0);
INSERT INTO orders VALUES (54, 50, '2024-09-21', 'Delivered', 1047.0);
INSERT INTO orders VALUES (55, 99, '2024-04-07', 'Delivered', 1598.0);
INSERT INTO orders VALUES (56, 12, '2024-11-02', 'Delivered', 7896.0);
INSERT INTO orders VALUES (57, 39, '2024-01-19', 'Delivered', 3047.0);
INSERT INTO orders VALUES (58, 62, '2024-10-28', 'Delivered', 5696.0);
INSERT INTO orders VALUES (59, 66, '2024-05-15', 'Delivered', 399.0);
INSERT INTO orders VALUES (60, 39, '2024-11-22', 'Delivered', 1348.0);
INSERT INTO orders VALUES (61, 80, '2024-06-23', 'Delivered', 4198.0);
INSERT INTO orders VALUES (62, 102, '2024-03-25', 'Delivered', 2397.0);
INSERT INTO orders VALUES (63, 90, '2024-03-12', 'Delivered', 6296.0);
INSERT INTO orders VALUES (64, 90, '2024-06-09', 'Delivered', 999.0);
INSERT INTO orders VALUES (65, 39, '2024-07-03', 'Delivered', 5998.0);
INSERT INTO orders VALUES (66, 90, '2024-01-17', 'Delivered', 399.0);
INSERT INTO orders VALUES (67, 90, '2024-04-22', 'Delivered', 599.0);
INSERT INTO orders VALUES (68, 11, '2024-01-19', 'Delivered', 549.0);
INSERT INTO orders VALUES (69, 90, '2024-09-22', 'Delivered', 2398.0);
INSERT INTO orders VALUES (70, 22, '2024-10-12', 'Cancelled', 799.0);
INSERT INTO orders VALUES (71, 22, '2024-01-10', 'Delivered', 2999.0);
INSERT INTO orders VALUES (72, 84, '2024-06-25', 'Delivered', 7192.0);
INSERT INTO orders VALUES (73, 16, '2024-03-17', 'Delivered', 2398.0);
INSERT INTO orders VALUES (74, 76, '2024-04-24', 'Delivered', 2498.0);
INSERT INTO orders VALUES (75, 39, '2024-08-16', 'Delivered', 6998.0);
INSERT INTO orders VALUES (76, 106, '2024-12-14', 'Delivered', 4448.0);
INSERT INTO orders VALUES (77, 92, '2024-04-11', 'Delivered', 4498.0);
INSERT INTO orders VALUES (78, 39, '2024-11-15', 'Delivered', 2997.0);
INSERT INTO orders VALUES (79, 90, '2024-10-03', 'Delivered', 2499.0);
INSERT INTO orders VALUES (80, 22, '2024-09-04', 'Delivered', 3999.0);
INSERT INTO orders VALUES (81, 60, '2024-07-15', 'Delivered', 8997.0);
INSERT INTO orders VALUES (82, 90, '2024-07-07', 'Delivered', 6745.0);
INSERT INTO orders VALUES (83, 22, '2024-11-23', 'Delivered', 1299.0);
INSERT INTO orders VALUES (84, 24, '2024-01-19', 'Cancelled', 549.0);
INSERT INTO orders VALUES (85, 90, '2024-11-26', 'Delivered', 11595.0);
INSERT INTO orders VALUES (86, 26, '2024-03-18', 'Delivered', 1598.0);
INSERT INTO orders VALUES (87, 39, '2024-07-15', 'Delivered', 9396.0);
INSERT INTO orders VALUES (88, 96, '2024-06-03', 'Delivered', 2199.0);
INSERT INTO orders VALUES (89, 15, '2024-01-02', 'Delivered', 5447.0);
INSERT INTO orders VALUES (90, 55, '2024-03-04', 'Delivered', 449.0);
INSERT INTO orders VALUES (91, 79, '2024-08-21', 'Delivered', 5293.0);
INSERT INTO orders VALUES (92, 23, '2024-05-06', 'Delivered', 7895.0);
INSERT INTO orders VALUES (93, 25, '2024-08-21', 'Delivered', 3898.0);
INSERT INTO orders VALUES (94, 95, '2024-01-05', 'Delivered', 9293.0);
INSERT INTO orders VALUES (95, 59, '2024-07-09', 'Delivered', 998.0);
INSERT INTO orders VALUES (96, 39, '2024-09-20', 'Delivered', 2148.0);
INSERT INTO orders VALUES (97, 15, '2024-09-05', 'Delivered', 4497.0);
INSERT INTO orders VALUES (98, 39, '2024-08-08', 'Delivered', 4097.0);
INSERT INTO orders VALUES (99, 16, '2024-12-30', 'Delivered', 349.0);
INSERT INTO orders VALUES (100, 35, '2024-09-19', 'Delivered', 1798.0);
INSERT INTO orders VALUES (101, 61, '2024-02-22', 'Delivered', 449.0);
INSERT INTO orders VALUES (102, 11, '2024-08-17', 'Delivered', 3098.0);
INSERT INTO orders VALUES (103, 39, '2024-12-03', 'Delivered', 5397.0);
INSERT INTO orders VALUES (104, 39, '2024-12-28', 'Delivered', 2199.0);
INSERT INTO orders VALUES (105, 75, '2024-10-19', 'Delivered', 4496.0);
INSERT INTO orders VALUES (106, 28, '2024-06-20', 'Delivered', 5545.0);
INSERT INTO orders VALUES (107, 35, '2024-05-28', 'Delivered', 1999.0);
INSERT INTO orders VALUES (108, 39, '2024-07-18', 'Delivered', 3646.0);
INSERT INTO orders VALUES (109, 20, '2024-01-25', 'Delivered', 2199.0);
INSERT INTO orders VALUES (110, 15, '2024-05-09', 'Delivered', 12996.0);
INSERT INTO orders VALUES (111, 14, '2024-07-27', 'Delivered', 599.0);
INSERT INTO orders VALUES (112, 95, '2024-03-11', 'Delivered', 7998.0);
INSERT INTO orders VALUES (113, 33, '2024-12-24', 'Delivered', 3747.0);
INSERT INTO orders VALUES (114, 14, '2024-01-07', 'Delivered', 449.0);
INSERT INTO orders VALUES (115, 39, '2024-11-10', 'Delivered', 399.0);
INSERT INTO orders VALUES (116, 90, '2024-07-02', 'Delivered', 1299.0);
INSERT INTO orders VALUES (117, 45, '2024-10-26', 'Delivered', 7995.0);
INSERT INTO orders VALUES (118, 22, '2024-06-25', 'Cancelled', 8997.0);
INSERT INTO orders VALUES (119, 39, '2024-10-24', 'Delivered', 999.0);
INSERT INTO orders VALUES (120, 4, '2024-12-17', 'Delivered', 1899.0);
INSERT INTO orders VALUES (121, 98, '2024-08-13', 'Delivered', 4797.0);
INSERT INTO orders VALUES (122, 96, '2024-02-26', 'Cancelled', 1647.0);
INSERT INTO orders VALUES (123, 26, '2024-03-31', 'Delivered', 349.0);
INSERT INTO orders VALUES (124, 23, '2024-07-26', 'Delivered', 1299.0);
INSERT INTO orders VALUES (125, 90, '2024-10-24', 'Delivered', 599.0);
INSERT INTO orders VALUES (126, 72, '2024-02-06', 'Delivered', 898.0);
INSERT INTO orders VALUES (127, 32, '2024-04-12', 'Delivered', 6397.0);
INSERT INTO orders VALUES (128, 81, '2024-08-03', 'Delivered', 1899.0);
INSERT INTO orders VALUES (129, 90, '2024-10-10', 'Delivered', 1348.0);
INSERT INTO orders VALUES (130, 90, '2024-03-17', 'Delivered', 1299.0);
INSERT INTO orders VALUES (131, 59, '2024-06-15', 'Delivered', 4548.0);
INSERT INTO orders VALUES (132, 90, '2024-12-30', 'Delivered', 799.0);
INSERT INTO orders VALUES (133, 85, '2024-04-10', 'Delivered', 5197.0);
INSERT INTO orders VALUES (134, 39, '2024-05-13', 'Delivered', 2499.0);
INSERT INTO orders VALUES (135, 16, '2024-12-22', 'Delivered', 2448.0);
INSERT INTO orders VALUES (136, 83, '2024-10-08', 'Delivered', 7998.0);
INSERT INTO orders VALUES (137, 59, '2024-12-26', 'Delivered', 2647.0);
INSERT INTO orders VALUES (138, 39, '2024-03-26', 'Delivered', 1797.0);
INSERT INTO orders VALUES (139, 17, '2024-11-20', 'Delivered', 6397.0);
INSERT INTO orders VALUES (140, 19, '2024-08-16', 'Delivered', 9396.0);
INSERT INTO orders VALUES (141, 23, '2024-10-06', 'Delivered', 4298.0);
INSERT INTO orders VALUES (142, 14, '2024-12-27', 'Delivered', 12446.0);
INSERT INTO orders VALUES (143, 90, '2024-04-21', 'Delivered', 4498.0);
INSERT INTO orders VALUES (144, 73, '2024-09-10', 'Delivered', 549.0);
INSERT INTO orders VALUES (145, 95, '2024-09-22', 'Delivered', 3598.0);
INSERT INTO orders VALUES (146, 90, '2024-05-17', 'Delivered', 5697.0);
INSERT INTO orders VALUES (147, 39, '2024-03-13', 'Delivered', 2947.0);
INSERT INTO orders VALUES (148, 109, '2024-02-13', 'Delivered', 1648.0);
INSERT INTO orders VALUES (149, 92, '2024-02-21', 'Delivered', 399.0);
INSERT INTO orders VALUES (150, 102, '2024-06-29', 'Delivered', 5797.0);
INSERT INTO orders VALUES (151, 28, '2024-09-14', 'Delivered', 3597.0);
INSERT INTO orders VALUES (152, 33, '2024-05-26', 'Delivered', 899.0);
INSERT INTO orders VALUES (153, 22, '2024-07-06', 'Delivered', 399.0);
INSERT INTO orders VALUES (154, 83, '2024-03-26', 'Delivered', 549.0);
INSERT INTO orders VALUES (155, 85, '2024-02-07', 'Delivered', 3246.0);
INSERT INTO orders VALUES (156, 90, '2024-08-15', 'Delivered', 1198.0);
INSERT INTO orders VALUES (157, 97, '2024-02-24', 'Delivered', 2397.0);
INSERT INTO orders VALUES (158, 39, '2024-05-06', 'Delivered', 2499.0);
INSERT INTO orders VALUES (159, 75, '2024-10-22', 'Delivered', 1299.0);
INSERT INTO orders VALUES (160, 90, '2024-01-14', 'Delivered', 2499.0);
INSERT INTO orders VALUES (161, 103, '2024-11-26', 'Delivered', 12796.0);
INSERT INTO orders VALUES (162, 96, '2024-11-03', 'Delivered', 449.0);
INSERT INTO orders VALUES (163, 90, '2024-05-13', 'Delivered', 4998.0);
INSERT INTO orders VALUES (164, 50, '2024-10-05', 'Delivered', 4645.0);
INSERT INTO orders VALUES (165, 39, '2024-11-03', 'Delivered', 1198.0);
INSERT INTO orders VALUES (166, 52, '2024-01-07', 'Delivered', 5594.0);
INSERT INTO orders VALUES (167, 25, '2024-10-10', 'Delivered', 4947.0);
INSERT INTO orders VALUES (168, 56, '2024-12-07', 'Delivered', 5397.0);
INSERT INTO orders VALUES (169, 10, '2024-12-18', 'Delivered', 848.0);
INSERT INTO orders VALUES (170, 39, '2024-10-03', 'Delivered', 6297.0);
INSERT INTO orders VALUES (171, 39, '2024-11-25', 'Delivered', 2598.0);
INSERT INTO orders VALUES (172, 16, '2024-05-17', 'Delivered', 12693.0);
INSERT INTO orders VALUES (173, 27, '2024-05-05', 'Delivered', 7445.0);
INSERT INTO orders VALUES (174, 90, '2024-12-11', 'Delivered', 1197.0);
INSERT INTO orders VALUES (175, 83, '2024-07-23', 'Delivered', 2897.0);
INSERT INTO orders VALUES (176, 110, '2024-06-21', 'Cancelled', 1199.0);
INSERT INTO orders VALUES (177, 43, '2024-05-20', 'Delivered', 3598.0);
INSERT INTO orders VALUES (178, 98, '2024-05-16', 'Delivered', 3896.0);
INSERT INTO orders VALUES (179, 59, '2024-02-24', 'Delivered', 6146.0);
INSERT INTO orders VALUES (180, 23, '2024-08-29', 'Delivered', 399.0);
INSERT INTO orders VALUES (181, 33, '2024-08-10', 'Delivered', 948.0);
INSERT INTO orders VALUES (182, 53, '2024-09-16', 'Delivered', 1199.0);
INSERT INTO orders VALUES (183, 30, '2024-06-22', 'Delivered', 6096.0);
INSERT INTO orders VALUES (184, 83, '2024-06-12', 'Delivered', 10497.0);
INSERT INTO orders VALUES (185, 62, '2024-10-11', 'Delivered', 3694.0);
INSERT INTO orders VALUES (186, 20, '2024-12-17', 'Delivered', 2897.0);
INSERT INTO orders VALUES (187, 33, '2024-04-06', 'Delivered', 13495.0);
INSERT INTO orders VALUES (188, 39, '2024-08-08', 'Delivered', 399.0);
INSERT INTO orders VALUES (189, 39, '2024-01-30', 'Delivered', 1898.0);
INSERT INTO orders VALUES (190, 90, '2024-10-19', 'Delivered', 549.0);
INSERT INTO orders VALUES (191, 84, '2024-09-10', 'Delivered', 1299.0);
INSERT INTO orders VALUES (192, 95, '2024-10-18', 'Delivered', 3646.0);
INSERT INTO orders VALUES (193, 43, '2024-10-01', 'Delivered', 9894.0);
INSERT INTO orders VALUES (194, 80, '2024-05-10', 'Delivered', 899.0);
INSERT INTO orders VALUES (195, 23, '2024-04-18', 'Delivered', 5998.0);
INSERT INTO orders VALUES (196, 107, '2024-09-19', 'Delivered', 799.0);
INSERT INTO orders VALUES (197, 92, '2024-12-09', 'Delivered', 1348.0);
INSERT INTO orders VALUES (198, 83, '2024-10-29', 'Cancelled', 4897.0);
INSERT INTO orders VALUES (199, 2, '2024-04-19', 'Delivered', 1999.0);
INSERT INTO orders VALUES (200, 9, '2024-10-06', 'Delivered', 5745.0);
INSERT INTO orders VALUES (201, 23, '2024-11-24', 'Delivered', 1347.0);
INSERT INTO orders VALUES (202, 83, '2024-07-17', 'Delivered', 5498.0);
INSERT INTO orders VALUES (203, 39, '2024-04-12', 'Delivered', 2999.0);
INSERT INTO orders VALUES (204, 98, '2024-12-07', 'Delivered', 549.0);
INSERT INTO orders VALUES (205, 110, '2024-01-26', 'Delivered', 6546.0);
INSERT INTO orders VALUES (206, 43, '2024-10-17', 'Cancelled', 549.0);
INSERT INTO orders VALUES (207, 39, '2024-07-30', 'Delivered', 449.0);
INSERT INTO orders VALUES (208, 90, '2024-11-20', 'Cancelled', 1148.0);
INSERT INTO orders VALUES (209, 90, '2024-05-11', 'Delivered', 2747.0);
INSERT INTO orders VALUES (210, 90, '2024-10-28', 'Delivered', 899.0);
INSERT INTO orders VALUES (211, 27, '2024-10-30', 'Delivered', 549.0);
INSERT INTO orders VALUES (212, 33, '2024-10-09', 'Delivered', 4398.0);
INSERT INTO orders VALUES (213, 16, '2024-07-02', 'Delivered', 5498.0);
INSERT INTO orders VALUES (214, 90, '2024-03-02', 'Delivered', 11294.0);
INSERT INTO orders VALUES (215, 4, '2024-12-02', 'Delivered', 10796.0);
INSERT INTO orders VALUES (216, 76, '2024-06-19', 'Delivered', 1798.0);
INSERT INTO orders VALUES (217, 36, '2024-09-14', 'Delivered', 3597.0);
INSERT INTO orders VALUES (218, 39, '2024-01-06', 'Delivered', 1098.0);
INSERT INTO orders VALUES (219, 90, '2024-10-30', 'Delivered', 2798.0);
INSERT INTO orders VALUES (220, 90, '2024-06-13', 'Delivered', 3197.0);
INSERT INTO orders VALUES (221, 89, '2024-01-31', 'Delivered', 1899.0);
INSERT INTO orders VALUES (222, 39, '2024-04-08', 'Delivered', 5797.0);
INSERT INTO orders VALUES (223, 39, '2024-03-16', 'Delivered', 1798.0);
INSERT INTO orders VALUES (224, 59, '2024-09-12', 'Delivered', 799.0);
INSERT INTO orders VALUES (225, 39, '2024-03-19', 'Delivered', 2199.0);
INSERT INTO orders VALUES (226, 26, '2024-04-06', 'Delivered', 449.0);
INSERT INTO orders VALUES (227, 89, '2024-09-20', 'Delivered', 5547.0);
INSERT INTO orders VALUES (228, 24, '2024-08-17', 'Delivered', 2947.0);
INSERT INTO orders VALUES (229, 43, '2024-08-06', 'Delivered', 2098.0);
INSERT INTO orders VALUES (230, 4, '2024-05-29', 'Delivered', 899.0);
INSERT INTO orders VALUES (231, 39, '2024-05-21', 'Delivered', 4697.0);
INSERT INTO orders VALUES (232, 19, '2024-11-24', 'Delivered', 2796.0);
INSERT INTO orders VALUES (233, 105, '2024-08-06', 'Delivered', 1299.0);
INSERT INTO orders VALUES (234, 47, '2024-11-02', 'Delivered', 3999.0);
INSERT INTO orders VALUES (235, 78, '2024-08-11', 'Delivered', 3999.0);
INSERT INTO orders VALUES (236, 56, '2024-01-02', 'Delivered', 5797.0);
INSERT INTO orders VALUES (237, 81, '2024-08-03', 'Delivered', 1048.0);
INSERT INTO orders VALUES (238, 109, '2024-05-03', 'Delivered', 3999.0);
INSERT INTO orders VALUES (239, 37, '2024-04-27', 'Delivered', 449.0);
INSERT INTO orders VALUES (240, 35, '2024-04-15', 'Delivered', 5998.0);
INSERT INTO orders VALUES (241, 1, '2024-01-16', 'Delivered', 799.0);
INSERT INTO orders VALUES (242, 90, '2024-01-28', 'Delivered', 799.0);
INSERT INTO orders VALUES (243, 110, '2024-09-07', 'Delivered', 5896.0);
INSERT INTO orders VALUES (244, 8, '2024-12-09', 'Delivered', 5497.0);
INSERT INTO orders VALUES (245, 84, '2024-07-12', 'Delivered', 2545.0);
INSERT INTO orders VALUES (246, 83, '2024-10-29', 'Delivered', 5297.0);
INSERT INTO orders VALUES (247, 105, '2024-02-28', 'Delivered', 999.0);
INSERT INTO orders VALUES (248, 2, '2024-10-27', 'Delivered', 1899.0);
INSERT INTO orders VALUES (249, 90, '2024-07-06', 'Delivered', 999.0);
INSERT INTO orders VALUES (250, 105, '2024-10-12', 'Delivered', 8695.0);
INSERT INTO orders VALUES (251, 107, '2024-09-13', 'Delivered', 2697.0);
INSERT INTO orders VALUES (252, 74, '2024-07-07', 'Delivered', 2198.0);
INSERT INTO orders VALUES (253, 83, '2024-11-30', 'Delivered', 1798.0);
INSERT INTO orders VALUES (254, 70, '2024-04-01', 'Delivered', 1999.0);
INSERT INTO orders VALUES (255, 11, '2024-09-28', 'Delivered', 549.0);
INSERT INTO orders VALUES (256, 73, '2024-05-11', 'Delivered', 3198.0);
INSERT INTO orders VALUES (257, 35, '2024-04-08', 'Delivered', 898.0);
INSERT INTO orders VALUES (258, 7, '2024-08-11', 'Delivered', 3897.0);
INSERT INTO orders VALUES (259, 90, '2024-02-02', 'Delivered', 5197.0);
INSERT INTO orders VALUES (260, 59, '2024-02-15', 'Delivered', 2998.0);
INSERT INTO orders VALUES (261, 63, '2024-04-08', 'Delivered', 899.0);
INSERT INTO orders VALUES (262, 90, '2024-10-17', 'Delivered', 2998.0);
INSERT INTO orders VALUES (263, 23, '2024-11-11', 'Delivered', 5998.0);
INSERT INTO orders VALUES (264, 90, '2024-02-03', 'Delivered', 1299.0);
INSERT INTO orders VALUES (265, 22, '2024-03-17', 'Delivered', 6497.0);
INSERT INTO orders VALUES (266, 103, '2024-06-20', 'Delivered', 599.0);
INSERT INTO orders VALUES (267, 90, '2024-02-10', 'Delivered', 349.0);
INSERT INTO orders VALUES (268, 39, '2024-06-18', 'Cancelled', 5697.0);
INSERT INTO orders VALUES (269, 105, '2024-09-06', 'Delivered', 3296.0);
INSERT INTO orders VALUES (270, 41, '2024-11-23', 'Delivered', 899.0);
INSERT INTO orders VALUES (271, 68, '2024-10-22', 'Delivered', 9897.0);
INSERT INTO orders VALUES (272, 37, '2024-12-26', 'Delivered', 3999.0);
INSERT INTO orders VALUES (273, 39, '2024-04-05', 'Delivered', 4795.0);
INSERT INTO orders VALUES (274, 60, '2024-04-06', 'Delivered', 999.0);
INSERT INTO orders VALUES (275, 42, '2024-01-06', 'Delivered', 3396.0);
INSERT INTO orders VALUES (276, 91, '2024-06-07', 'Cancelled', 1199.0);
INSERT INTO orders VALUES (277, 25, '2024-05-27', 'Delivered', 3596.0);
INSERT INTO orders VALUES (278, 40, '2024-10-25', 'Delivered', 1899.0);
INSERT INTO orders VALUES (279, 80, '2024-08-18', 'Delivered', 2397.0);
INSERT INTO orders VALUES (280, 90, '2024-12-18', 'Delivered', 999.0);
INSERT INTO orders VALUES (281, 90, '2024-11-12', 'Delivered', 898.0);
INSERT INTO orders VALUES (282, 20, '2024-11-21', 'Delivered', 2499.0);
INSERT INTO orders VALUES (283, 93, '2024-01-23', 'Delivered', 698.0);
INSERT INTO orders VALUES (284, 83, '2024-08-17', 'Delivered', 399.0);
INSERT INTO orders VALUES (285, 20, '2024-07-10', 'Delivered', 5796.0);
INSERT INTO orders VALUES (286, 99, '2024-01-21', 'Delivered', 1499.0);
INSERT INTO orders VALUES (287, 105, '2024-10-18', 'Delivered', 1199.0);
INSERT INTO orders VALUES (288, 18, '2024-12-22', 'Delivered', 899.0);
INSERT INTO orders VALUES (289, 39, '2024-11-07', 'Delivered', 5798.0);
INSERT INTO orders VALUES (290, 39, '2024-03-29', 'Delivered', 7998.0);
INSERT INTO orders VALUES (291, 39, '2024-09-14', 'Delivered', 2499.0);
INSERT INTO orders VALUES (292, 93, '2024-07-20', 'Cancelled', 6694.0);
INSERT INTO orders VALUES (293, 106, '2024-10-18', 'Delivered', 4596.0);
INSERT INTO orders VALUES (294, 90, '2024-12-12', 'Delivered', 4745.0);
INSERT INTO orders VALUES (295, 10, '2024-10-31', 'Delivered', 3798.0);
INSERT INTO orders VALUES (296, 39, '2024-07-15', 'Delivered', 1199.0);
INSERT INTO orders VALUES (297, 85, '2024-01-14', 'Delivered', 449.0);
INSERT INTO orders VALUES (298, 90, '2024-08-27', 'Delivered', 4996.0);
INSERT INTO orders VALUES (299, 85, '2024-11-29', 'Delivered', 17143.0);
INSERT INTO orders VALUES (300, 83, '2024-11-23', 'Delivered', 6796.0);
INSERT INTO orders VALUES (301, 51, '2024-07-01', 'Delivered', 7194.0);
INSERT INTO orders VALUES (302, 39, '2024-04-08', 'Delivered', 5697.0);
INSERT INTO orders VALUES (303, 110, '2024-11-20', 'Delivered', 449.0);
INSERT INTO orders VALUES (304, 39, '2024-05-18', 'Delivered', 4596.0);
INSERT INTO orders VALUES (305, 81, '2024-11-05', 'Delivered', 4646.0);
INSERT INTO orders VALUES (306, 88, '2024-01-29', 'Delivered', 4297.0);
INSERT INTO orders VALUES (307, 72, '2024-02-04', 'Delivered', 2499.0);
INSERT INTO orders VALUES (308, 16, '2024-12-23', 'Delivered', 1999.0);
INSERT INTO orders VALUES (309, 39, '2024-02-05', 'Cancelled', 899.0);
INSERT INTO orders VALUES (310, 39, '2024-10-26', 'Delivered', 1199.0);
INSERT INTO orders VALUES (311, 41, '2024-09-12', 'Cancelled', 1797.0);
INSERT INTO orders VALUES (312, 39, '2024-08-04', 'Delivered', 599.0);
INSERT INTO orders VALUES (313, 39, '2024-03-08', 'Delivered', 5696.0);
INSERT INTO orders VALUES (314, 2, '2024-08-06', 'Delivered', 5194.0);
INSERT INTO orders VALUES (315, 43, '2024-10-16', 'Delivered', 6597.0);
INSERT INTO orders VALUES (316, 87, '2024-01-11', 'Delivered', 1299.0);
INSERT INTO orders VALUES (317, 39, '2024-08-26', 'Delivered', 399.0);
INSERT INTO orders VALUES (318, 39, '2024-07-24', 'Cancelled', 549.0);
INSERT INTO orders VALUES (319, 5, '2024-12-08', 'Delivered', 6793.0);
INSERT INTO orders VALUES (320, 61, '2024-11-24', 'Delivered', 2796.0);
INSERT INTO orders VALUES (321, 1, '2024-02-11', 'Delivered', 7695.0);
INSERT INTO orders VALUES (322, 56, '2024-05-31', 'Delivered', 3246.0);
INSERT INTO orders VALUES (323, 99, '2024-11-17', 'Delivered', 2499.0);
INSERT INTO orders VALUES (324, 22, '2024-04-12', 'Delivered', 4497.0);
INSERT INTO orders VALUES (325, 22, '2024-11-10', 'Delivered', 449.0);
INSERT INTO orders VALUES (326, 9, '2024-12-18', 'Delivered', 8396.0);
INSERT INTO orders VALUES (327, 53, '2024-02-10', 'Cancelled', 1548.0);
INSERT INTO orders VALUES (328, 83, '2024-06-20', 'Delivered', 3298.0);
INSERT INTO orders VALUES (329, 83, '2024-09-27', 'Delivered', 2098.0);
INSERT INTO orders VALUES (330, 83, '2024-05-12', 'Delivered', 1748.0);
INSERT INTO orders VALUES (331, 90, '2024-05-29', 'Delivered', 7497.0);
INSERT INTO orders VALUES (332, 39, '2024-08-02', 'Delivered', 2397.0);
INSERT INTO orders VALUES (333, 39, '2024-05-26', 'Delivered', 1898.0);
INSERT INTO orders VALUES (334, 39, '2024-10-17', 'Delivered', 1798.0);
INSERT INTO orders VALUES (335, 39, '2024-07-24', 'Delivered', 1848.0);
INSERT INTO orders VALUES (336, 83, '2024-06-05', 'Delivered', 3999.0);
INSERT INTO orders VALUES (337, 43, '2024-07-19', 'Delivered', 1799.0);
INSERT INTO orders VALUES (338, 90, '2024-02-18', 'Delivered', 1999.0);
INSERT INTO orders VALUES (339, 71, '2024-12-20', 'Delivered', 2199.0);
INSERT INTO orders VALUES (340, 23, '2024-12-13', 'Delivered', 5696.0);
INSERT INTO orders VALUES (341, 39, '2024-11-25', 'Delivered', 7895.0);
INSERT INTO orders VALUES (342, 39, '2024-07-02', 'Delivered', 8997.0);
INSERT INTO orders VALUES (343, 26, '2024-01-05', 'Cancelled', 2348.0);
INSERT INTO orders VALUES (344, 32, '2024-08-14', 'Delivered', 1598.0);
INSERT INTO orders VALUES (345, 17, '2024-11-17', 'Delivered', 3846.0);
INSERT INTO orders VALUES (346, 39, '2024-05-07', 'Delivered', 9244.0);
INSERT INTO orders VALUES (347, 39, '2024-02-08', 'Cancelled', 2548.0);
INSERT INTO orders VALUES (348, 83, '2024-06-15', 'Delivered', 549.0);
INSERT INTO orders VALUES (349, 39, '2024-11-15', 'Delivered', 1548.0);
INSERT INTO orders VALUES (350, 35, '2024-04-15', 'Delivered', 3696.0);
INSERT INTO orders VALUES (351, 83, '2024-12-01', 'Delivered', 1198.0);
INSERT INTO orders VALUES (352, 44, '2024-09-27', 'Delivered', 1299.0);
INSERT INTO orders VALUES (353, 88, '2024-12-06', 'Delivered', 2499.0);
INSERT INTO orders VALUES (354, 82, '2024-08-24', 'Delivered', 899.0);
INSERT INTO orders VALUES (355, 83, '2024-01-15', 'Delivered', 5998.0);
INSERT INTO orders VALUES (356, 51, '2024-03-12', 'Delivered', 1798.0);
INSERT INTO orders VALUES (357, 80, '2024-12-23', 'Delivered', 4398.0);
INSERT INTO orders VALUES (358, 9, '2024-04-28', 'Delivered', 799.0);
INSERT INTO orders VALUES (359, 39, '2024-03-07', 'Cancelled', 4998.0);
INSERT INTO orders VALUES (360, 45, '2024-09-10', 'Delivered', 4898.0);
INSERT INTO orders VALUES (361, 36, '2024-12-30', 'Delivered', 2499.0);
INSERT INTO orders VALUES (362, 36, '2024-08-23', 'Delivered', 9343.0);
INSERT INTO orders VALUES (363, 48, '2024-06-20', 'Delivered', 4846.0);
INSERT INTO orders VALUES (364, 4, '2024-04-11', 'Delivered', 6196.0);
INSERT INTO orders VALUES (365, 78, '2024-06-26', 'Delivered', 1148.0);
INSERT INTO orders VALUES (366, 90, '2024-01-18', 'Delivered', 11395.0);
INSERT INTO orders VALUES (367, 9, '2024-06-27', 'Delivered', 2448.0);
INSERT INTO orders VALUES (368, 39, '2024-12-31', 'Delivered', 5397.0);
INSERT INTO orders VALUES (369, 68, '2024-05-15', 'Delivered', 5345.0);
INSERT INTO orders VALUES (370, 37, '2024-07-07', 'Delivered', 1799.0);
INSERT INTO orders VALUES (371, 39, '2024-06-22', 'Delivered', 3597.0);
INSERT INTO orders VALUES (372, 90, '2024-11-09', 'Delivered', 3999.0);
INSERT INTO orders VALUES (373, 90, '2024-05-23', 'Delivered', 3999.0);
INSERT INTO orders VALUES (374, 39, '2024-09-23', 'Delivered', 1299.0);
INSERT INTO orders VALUES (375, 44, '2024-10-17', 'Delivered', 5195.0);
INSERT INTO orders VALUES (376, 90, '2024-03-11', 'Delivered', 449.0);
INSERT INTO orders VALUES (377, 78, '2024-01-18', 'Delivered', 2798.0);
INSERT INTO orders VALUES (378, 31, '2024-10-30', 'Delivered', 4396.0);
INSERT INTO orders VALUES (379, 22, '2024-06-07', 'Delivered', 7145.0);
INSERT INTO orders VALUES (380, 39, '2024-01-26', 'Delivered', 1898.0);
INSERT INTO orders VALUES (381, 50, '2024-01-12', 'Delivered', 2798.0);
INSERT INTO orders VALUES (382, 16, '2024-08-17', 'Delivered', 2095.0);
INSERT INTO orders VALUES (383, 78, '2024-12-23', 'Delivered', 4548.0);
INSERT INTO orders VALUES (384, 39, '2024-10-04', 'Delivered', 3247.0);
INSERT INTO orders VALUES (385, 32, '2024-12-25', 'Delivered', 4046.0);
INSERT INTO orders VALUES (386, 39, '2024-07-29', 'Delivered', 8196.0);
INSERT INTO orders VALUES (387, 90, '2024-11-25', 'Delivered', 2297.0);
INSERT INTO orders VALUES (388, 58, '2024-04-08', 'Delivered', 1598.0);
INSERT INTO orders VALUES (389, 22, '2024-03-19', 'Delivered', 799.0);
INSERT INTO orders VALUES (390, 47, '2024-02-22', 'Delivered', 1298.0);
INSERT INTO orders VALUES (391, 6, '2024-05-29', 'Cancelled', 1799.0);
INSERT INTO orders VALUES (392, 33, '2024-09-18', 'Delivered', 8896.0);
INSERT INTO orders VALUES (393, 69, '2024-08-17', 'Delivered', 2199.0);
INSERT INTO orders VALUES (394, 110, '2024-04-22', 'Delivered', 3347.0);
INSERT INTO orders VALUES (395, 90, '2024-08-09', 'Delivered', 999.0);
INSERT INTO orders VALUES (396, 105, '2024-01-21', 'Delivered', 2499.0);
INSERT INTO orders VALUES (397, 68, '2024-07-02', 'Delivered', 2999.0);
INSERT INTO orders VALUES (398, 83, '2024-05-19', 'Delivered', 2898.0);
INSERT INTO orders VALUES (399, 47, '2024-02-02', 'Delivered', 599.0);
INSERT INTO orders VALUES (400, 39, '2024-12-20', 'Delivered', 1199.0);
INSERT INTO orders VALUES (401, 98, '2024-03-02', 'Delivered', 2199.0);
INSERT INTO orders VALUES (402, 68, '2024-08-28', 'Cancelled', 5696.0);
INSERT INTO orders VALUES (403, 9, '2024-08-19', 'Delivered', 6294.0);
INSERT INTO orders VALUES (404, 49, '2024-02-02', 'Delivered', 3798.0);
INSERT INTO orders VALUES (405, 39, '2024-09-14', 'Delivered', 1299.0);
INSERT INTO orders VALUES (406, 49, '2024-07-14', 'Delivered', 1199.0);
INSERT INTO orders VALUES (407, 39, '2024-03-15', 'Delivered', 8797.0);
INSERT INTO orders VALUES (408, 90, '2024-04-10', 'Delivered', 449.0);
INSERT INTO orders VALUES (409, 90, '2024-04-23', 'Delivered', 1999.0);
INSERT INTO orders VALUES (410, 90, '2024-11-03', 'Delivered', 1798.0);
INSERT INTO orders VALUES (411, 3, '2024-05-02', 'Delivered', 2848.0);
INSERT INTO orders VALUES (412, 90, '2024-07-08', 'Delivered', 2198.0);
INSERT INTO orders VALUES (413, 75, '2024-09-20', 'Delivered', 2499.0);
INSERT INTO orders VALUES (414, 90, '2024-04-15', 'Cancelled', 399.0);
INSERT INTO orders VALUES (415, 39, '2024-11-12', 'Delivered', 7096.0);
INSERT INTO orders VALUES (416, 39, '2024-09-05', 'Delivered', 10594.0);
INSERT INTO orders VALUES (417, 83, '2024-12-15', 'Delivered', 449.0);
INSERT INTO orders VALUES (418, 2, '2024-07-13', 'Delivered', 3444.0);
INSERT INTO orders VALUES (419, 90, '2024-04-25', 'Delivered', 799.0);
INSERT INTO orders VALUES (420, 1, '2024-09-24', 'Delivered', 7095.0);
INSERT INTO orders VALUES (421, 89, '2024-08-03', 'Delivered', 799.0);
INSERT INTO orders VALUES (422, 88, '2024-04-03', 'Delivered', 3998.0);
INSERT INTO orders VALUES (423, 14, '2024-11-28', 'Delivered', 7695.0);
INSERT INTO orders VALUES (424, 39, '2024-10-22', 'Delivered', 449.0);
INSERT INTO orders VALUES (425, 83, '2024-09-08', 'Delivered', 5547.0);
INSERT INTO orders VALUES (426, 78, '2024-07-14', 'Delivered', 798.0);
INSERT INTO orders VALUES (427, 39, '2024-07-23', 'Delivered', 5898.0);
INSERT INTO orders VALUES (428, 15, '2024-06-28', 'Delivered', 2748.0);
INSERT INTO orders VALUES (429, 78, '2024-02-18', 'Delivered', 1999.0);
INSERT INTO orders VALUES (430, 39, '2024-10-03', 'Delivered', 1598.0);
INSERT INTO orders VALUES (431, 39, '2024-02-26', 'Cancelled', 799.0);
INSERT INTO orders VALUES (432, 66, '2024-01-01', 'Delivered', 2448.0);
INSERT INTO orders VALUES (433, 72, '2024-09-25', 'Delivered', 5997.0);
INSERT INTO orders VALUES (434, 23, '2024-05-11', 'Delivered', 3097.0);
INSERT INTO orders VALUES (435, 90, '2024-03-07', 'Delivered', 2499.0);
INSERT INTO orders VALUES (436, 38, '2024-12-06', 'Delivered', 2598.0);
INSERT INTO orders VALUES (437, 39, '2024-04-24', 'Delivered', 11595.0);
INSERT INTO orders VALUES (438, 45, '2024-09-12', 'Delivered', 4398.0);
INSERT INTO orders VALUES (439, 26, '2024-12-26', 'Delivered', 349.0);
INSERT INTO orders VALUES (440, 11, '2024-02-15', 'Delivered', 549.0);
INSERT INTO orders VALUES (441, 83, '2024-03-13', 'Delivered', 698.0);
INSERT INTO orders VALUES (442, 90, '2024-10-14', 'Delivered', 1999.0);
INSERT INTO orders VALUES (443, 97, '2024-06-29', 'Delivered', 1097.0);
INSERT INTO orders VALUES (444, 39, '2024-02-26', 'Delivered', 4898.0);
INSERT INTO orders VALUES (445, 4, '2024-02-24', 'Cancelled', 2499.0);
INSERT INTO orders VALUES (446, 39, '2024-11-07', 'Delivered', 1247.0);
INSERT INTO orders VALUES (447, 11, '2024-08-27', 'Delivered', 449.0);
INSERT INTO orders VALUES (448, 39, '2024-12-19', 'Delivered', 1798.0);
INSERT INTO orders VALUES (449, 90, '2024-06-11', 'Delivered', 3597.0);
INSERT INTO orders VALUES (450, 39, '2024-08-20', 'Delivered', 1299.0);
INSERT INTO orders VALUES (451, 20, '2024-09-04', 'Delivered', 15194.0);
INSERT INTO orders VALUES (452, 90, '2024-04-17', 'Delivered', 449.0);
INSERT INTO orders VALUES (453, 39, '2024-12-28', 'Delivered', 1499.0);
INSERT INTO orders VALUES (454, 23, '2024-08-18', 'Delivered', 2998.0);
INSERT INTO orders VALUES (455, 24, '2024-04-26', 'Delivered', 8196.0);
INSERT INTO orders VALUES (456, 26, '2024-04-24', 'Delivered', 799.0);
INSERT INTO orders VALUES (457, 61, '2024-03-14', 'Delivered', 2398.0);
INSERT INTO orders VALUES (458, 90, '2024-09-28', 'Delivered', 998.0);
INSERT INTO orders VALUES (459, 83, '2024-12-07', 'Delivered', 998.0);
INSERT INTO orders VALUES (460, 74, '2024-03-17', 'Delivered', 799.0);

-- order_items (788 rows)
INSERT INTO order_items VALUES (1, 1, 3, 2, 3999.0);
INSERT INTO order_items VALUES (2, 2, 7, 1, 2199.0);
INSERT INTO order_items VALUES (3, 2, 17, 2, 399.0);
INSERT INTO order_items VALUES (4, 3, 1, 2, 1999.0);
INSERT INTO order_items VALUES (5, 3, 7, 1, 2199.0);
INSERT INTO order_items VALUES (6, 4, 17, 3, 399.0);
INSERT INTO order_items VALUES (7, 4, 1, 2, 1999.0);
INSERT INTO order_items VALUES (8, 5, 12, 1, 999.0);
INSERT INTO order_items VALUES (9, 5, 5, 1, 599.0);
INSERT INTO order_items VALUES (10, 6, 15, 2, 449.0);
INSERT INTO order_items VALUES (11, 7, 1, 2, 1999.0);
INSERT INTO order_items VALUES (12, 8, 7, 1, 2199.0);
INSERT INTO order_items VALUES (13, 9, 18, 1, 1199.0);
INSERT INTO order_items VALUES (14, 10, 18, 1, 1199.0);
INSERT INTO order_items VALUES (15, 10, 1, 1, 1999.0);
INSERT INTO order_items VALUES (16, 11, 13, 2, 349.0);
INSERT INTO order_items VALUES (17, 11, 10, 2, 1499.0);
INSERT INTO order_items VALUES (18, 11, 11, 1, 1899.0);
INSERT INTO order_items VALUES (19, 12, 16, 1, 899.0);
INSERT INTO order_items VALUES (20, 12, 9, 1, 799.0);
INSERT INTO order_items VALUES (21, 12, 6, 2, 2999.0);
INSERT INTO order_items VALUES (22, 12, 5, 1, 599.0);
INSERT INTO order_items VALUES (23, 13, 9, 1, 799.0);
INSERT INTO order_items VALUES (24, 14, 17, 1, 399.0);
INSERT INTO order_items VALUES (25, 14, 4, 2, 1299.0);
INSERT INTO order_items VALUES (26, 14, 16, 1, 899.0);
INSERT INTO order_items VALUES (27, 15, 2, 1, 2499.0);
INSERT INTO order_items VALUES (28, 16, 15, 1, 449.0);
INSERT INTO order_items VALUES (29, 17, 6, 1, 2999.0);
INSERT INTO order_items VALUES (30, 17, 12, 2, 999.0);
INSERT INTO order_items VALUES (31, 18, 3, 1, 3999.0);
INSERT INTO order_items VALUES (32, 18, 2, 1, 2499.0);
INSERT INTO order_items VALUES (33, 19, 9, 3, 799.0);
INSERT INTO order_items VALUES (34, 20, 7, 1, 2199.0);
INSERT INTO order_items VALUES (35, 20, 13, 1, 349.0);
INSERT INTO order_items VALUES (36, 20, 18, 1, 1199.0);
INSERT INTO order_items VALUES (37, 21, 2, 2, 2499.0);
INSERT INTO order_items VALUES (38, 21, 5, 1, 599.0);
INSERT INTO order_items VALUES (39, 22, 17, 1, 399.0);
INSERT INTO order_items VALUES (40, 23, 18, 1, 1199.0);
INSERT INTO order_items VALUES (41, 24, 9, 1, 799.0);
INSERT INTO order_items VALUES (42, 24, 12, 1, 999.0);
INSERT INTO order_items VALUES (43, 24, 5, 1, 599.0);
INSERT INTO order_items VALUES (44, 25, 7, 1, 2199.0);
INSERT INTO order_items VALUES (45, 25, 17, 1, 399.0);
INSERT INTO order_items VALUES (46, 26, 6, 1, 2999.0);
INSERT INTO order_items VALUES (47, 26, 7, 1, 2199.0);
INSERT INTO order_items VALUES (48, 27, 10, 1, 1499.0);
INSERT INTO order_items VALUES (49, 27, 2, 1, 2499.0);
INSERT INTO order_items VALUES (50, 28, 15, 1, 449.0);
INSERT INTO order_items VALUES (51, 28, 18, 3, 1199.0);
INSERT INTO order_items VALUES (52, 28, 6, 3, 2999.0);
INSERT INTO order_items VALUES (53, 29, 1, 1, 1999.0);
INSERT INTO order_items VALUES (54, 29, 18, 1, 1199.0);
INSERT INTO order_items VALUES (55, 29, 10, 2, 1499.0);
INSERT INTO order_items VALUES (56, 30, 13, 2, 349.0);
INSERT INTO order_items VALUES (57, 31, 8, 1, 1799.0);
INSERT INTO order_items VALUES (58, 31, 10, 1, 1499.0);
INSERT INTO order_items VALUES (59, 32, 4, 1, 1299.0);
INSERT INTO order_items VALUES (60, 33, 11, 1, 1899.0);
INSERT INTO order_items VALUES (61, 34, 11, 1, 1899.0);
INSERT INTO order_items VALUES (62, 34, 18, 1, 1199.0);
INSERT INTO order_items VALUES (63, 35, 18, 1, 1199.0);
INSERT INTO order_items VALUES (64, 36, 14, 1, 549.0);
INSERT INTO order_items VALUES (65, 36, 9, 2, 799.0);
INSERT INTO order_items VALUES (66, 37, 3, 3, 3999.0);
INSERT INTO order_items VALUES (67, 37, 7, 1, 2199.0);
INSERT INTO order_items VALUES (68, 38, 14, 3, 549.0);
INSERT INTO order_items VALUES (69, 39, 1, 2, 1999.0);
INSERT INTO order_items VALUES (70, 40, 13, 1, 349.0);
INSERT INTO order_items VALUES (71, 41, 11, 1, 1899.0);
INSERT INTO order_items VALUES (72, 42, 6, 1, 2999.0);
INSERT INTO order_items VALUES (73, 43, 11, 2, 1899.0);
INSERT INTO order_items VALUES (74, 43, 17, 1, 399.0);
INSERT INTO order_items VALUES (75, 44, 6, 3, 2999.0);
INSERT INTO order_items VALUES (76, 44, 18, 1, 1199.0);
INSERT INTO order_items VALUES (77, 45, 15, 1, 449.0);
INSERT INTO order_items VALUES (78, 45, 6, 1, 2999.0);
INSERT INTO order_items VALUES (79, 46, 11, 1, 1899.0);
INSERT INTO order_items VALUES (80, 47, 16, 1, 899.0);
INSERT INTO order_items VALUES (81, 47, 9, 1, 799.0);
INSERT INTO order_items VALUES (82, 48, 17, 1, 399.0);
INSERT INTO order_items VALUES (83, 49, 16, 2, 899.0);
INSERT INTO order_items VALUES (84, 50, 9, 1, 799.0);
INSERT INTO order_items VALUES (85, 50, 8, 1, 1799.0);
INSERT INTO order_items VALUES (86, 50, 16, 3, 899.0);
INSERT INTO order_items VALUES (87, 51, 7, 2, 2199.0);
INSERT INTO order_items VALUES (88, 51, 11, 2, 1899.0);
INSERT INTO order_items VALUES (89, 51, 12, 1, 999.0);
INSERT INTO order_items VALUES (90, 52, 16, 1, 899.0);
INSERT INTO order_items VALUES (91, 52, 11, 1, 1899.0);
INSERT INTO order_items VALUES (92, 52, 14, 1, 549.0);
INSERT INTO order_items VALUES (93, 53, 18, 3, 1199.0);
INSERT INTO order_items VALUES (94, 54, 13, 3, 349.0);
INSERT INTO order_items VALUES (95, 55, 9, 2, 799.0);
INSERT INTO order_items VALUES (96, 56, 7, 3, 2199.0);
INSERT INTO order_items VALUES (97, 56, 4, 1, 1299.0);
INSERT INTO order_items VALUES (98, 57, 8, 1, 1799.0);
INSERT INTO order_items VALUES (99, 57, 16, 1, 899.0);
INSERT INTO order_items VALUES (100, 57, 13, 1, 349.0);
INSERT INTO order_items VALUES (101, 58, 15, 2, 449.0);
INSERT INTO order_items VALUES (102, 58, 3, 1, 3999.0);
INSERT INTO order_items VALUES (103, 58, 9, 1, 799.0);
INSERT INTO order_items VALUES (104, 59, 17, 1, 399.0);
INSERT INTO order_items VALUES (105, 60, 12, 1, 999.0);
INSERT INTO order_items VALUES (106, 60, 13, 1, 349.0);
INSERT INTO order_items VALUES (107, 61, 7, 1, 2199.0);
INSERT INTO order_items VALUES (108, 61, 1, 1, 1999.0);
INSERT INTO order_items VALUES (109, 62, 9, 3, 799.0);
INSERT INTO order_items VALUES (110, 63, 8, 3, 1799.0);
INSERT INTO order_items VALUES (111, 63, 16, 1, 899.0);
INSERT INTO order_items VALUES (112, 64, 12, 1, 999.0);
INSERT INTO order_items VALUES (113, 65, 6, 2, 2999.0);
INSERT INTO order_items VALUES (114, 66, 17, 1, 399.0);
INSERT INTO order_items VALUES (115, 67, 5, 1, 599.0);
INSERT INTO order_items VALUES (116, 68, 14, 1, 549.0);
INSERT INTO order_items VALUES (117, 69, 8, 1, 1799.0);
INSERT INTO order_items VALUES (118, 69, 5, 1, 599.0);
INSERT INTO order_items VALUES (119, 70, 9, 1, 799.0);
INSERT INTO order_items VALUES (120, 71, 6, 1, 2999.0);
INSERT INTO order_items VALUES (121, 72, 14, 2, 549.0);
INSERT INTO order_items VALUES (122, 72, 12, 3, 999.0);
INSERT INTO order_items VALUES (123, 72, 16, 2, 899.0);
INSERT INTO order_items VALUES (124, 72, 4, 1, 1299.0);
INSERT INTO order_items VALUES (125, 73, 10, 1, 1499.0);
INSERT INTO order_items VALUES (126, 73, 16, 1, 899.0);
INSERT INTO order_items VALUES (127, 74, 12, 1, 999.0);
INSERT INTO order_items VALUES (128, 74, 10, 1, 1499.0);
INSERT INTO order_items VALUES (129, 75, 6, 1, 2999.0);
INSERT INTO order_items VALUES (130, 75, 3, 1, 3999.0);
INSERT INTO order_items VALUES (131, 76, 3, 1, 3999.0);
INSERT INTO order_items VALUES (132, 76, 15, 1, 449.0);
INSERT INTO order_items VALUES (133, 77, 1, 1, 1999.0);
INSERT INTO order_items VALUES (134, 77, 2, 1, 2499.0);
INSERT INTO order_items VALUES (135, 78, 17, 1, 399.0);
INSERT INTO order_items VALUES (136, 78, 4, 2, 1299.0);
INSERT INTO order_items VALUES (137, 79, 2, 1, 2499.0);
INSERT INTO order_items VALUES (138, 80, 3, 1, 3999.0);
INSERT INTO order_items VALUES (139, 81, 3, 1, 3999.0);
INSERT INTO order_items VALUES (140, 81, 2, 2, 2499.0);
INSERT INTO order_items VALUES (141, 82, 11, 2, 1899.0);
INSERT INTO order_items VALUES (142, 82, 14, 1, 549.0);
INSERT INTO order_items VALUES (143, 82, 1, 1, 1999.0);
INSERT INTO order_items VALUES (144, 82, 17, 1, 399.0);
INSERT INTO order_items VALUES (145, 83, 4, 1, 1299.0);
INSERT INTO order_items VALUES (146, 84, 14, 1, 549.0);
INSERT INTO order_items VALUES (147, 85, 3, 1, 3999.0);
INSERT INTO order_items VALUES (148, 85, 7, 3, 2199.0);
INSERT INTO order_items VALUES (149, 85, 12, 1, 999.0);
INSERT INTO order_items VALUES (150, 86, 9, 2, 799.0);
INSERT INTO order_items VALUES (151, 87, 8, 3, 1799.0);
INSERT INTO order_items VALUES (152, 87, 3, 1, 3999.0);
INSERT INTO order_items VALUES (153, 88, 7, 1, 2199.0);
INSERT INTO order_items VALUES (154, 89, 2, 2, 2499.0);
INSERT INTO order_items VALUES (155, 89, 15, 1, 449.0);
INSERT INTO order_items VALUES (156, 90, 15, 1, 449.0);
INSERT INTO order_items VALUES (157, 91, 5, 3, 599.0);
INSERT INTO order_items VALUES (158, 91, 14, 2, 549.0);
INSERT INTO order_items VALUES (159, 91, 1, 1, 1999.0);
INSERT INTO order_items VALUES (160, 91, 17, 1, 399.0);
INSERT INTO order_items VALUES (161, 92, 12, 1, 999.0);
INSERT INTO order_items VALUES (162, 92, 6, 2, 2999.0);
INSERT INTO order_items VALUES (163, 92, 13, 1, 349.0);
INSERT INTO order_items VALUES (164, 92, 14, 1, 549.0);
INSERT INTO order_items VALUES (165, 93, 16, 1, 899.0);
INSERT INTO order_items VALUES (166, 93, 6, 1, 2999.0);
INSERT INTO order_items VALUES (167, 94, 10, 1, 1499.0);
INSERT INTO order_items VALUES (168, 94, 9, 3, 799.0);
INSERT INTO order_items VALUES (169, 94, 18, 2, 1199.0);
INSERT INTO order_items VALUES (170, 94, 6, 1, 2999.0);
INSERT INTO order_items VALUES (171, 95, 14, 1, 549.0);
INSERT INTO order_items VALUES (172, 95, 15, 1, 449.0);
INSERT INTO order_items VALUES (173, 96, 13, 1, 349.0);
INSERT INTO order_items VALUES (174, 96, 8, 1, 1799.0);
INSERT INTO order_items VALUES (175, 97, 10, 3, 1499.0);
INSERT INTO order_items VALUES (176, 98, 5, 1, 599.0);
INSERT INTO order_items VALUES (177, 98, 4, 1, 1299.0);
INSERT INTO order_items VALUES (178, 98, 7, 1, 2199.0);
INSERT INTO order_items VALUES (179, 99, 13, 1, 349.0);
INSERT INTO order_items VALUES (180, 100, 5, 1, 599.0);
INSERT INTO order_items VALUES (181, 100, 18, 1, 1199.0);
INSERT INTO order_items VALUES (182, 101, 15, 1, 449.0);
INSERT INTO order_items VALUES (183, 102, 4, 1, 1299.0);
INSERT INTO order_items VALUES (184, 102, 8, 1, 1799.0);
INSERT INTO order_items VALUES (185, 103, 8, 3, 1799.0);
INSERT INTO order_items VALUES (186, 104, 7, 1, 2199.0);
INSERT INTO order_items VALUES (187, 105, 11, 1, 1899.0);
INSERT INTO order_items VALUES (188, 105, 9, 1, 799.0);
INSERT INTO order_items VALUES (189, 105, 16, 2, 899.0);
INSERT INTO order_items VALUES (190, 106, 10, 1, 1499.0);
INSERT INTO order_items VALUES (191, 106, 6, 1, 2999.0);
INSERT INTO order_items VALUES (192, 106, 13, 3, 349.0);
INSERT INTO order_items VALUES (193, 107, 1, 1, 1999.0);
INSERT INTO order_items VALUES (194, 108, 16, 1, 899.0);
INSERT INTO order_items VALUES (195, 108, 12, 1, 999.0);
INSERT INTO order_items VALUES (196, 108, 14, 1, 549.0);
INSERT INTO order_items VALUES (197, 108, 18, 1, 1199.0);
INSERT INTO order_items VALUES (198, 109, 7, 1, 2199.0);
INSERT INTO order_items VALUES (199, 110, 12, 1, 999.0);
INSERT INTO order_items VALUES (200, 110, 3, 3, 3999.0);
INSERT INTO order_items VALUES (201, 111, 5, 1, 599.0);
INSERT INTO order_items VALUES (202, 112, 3, 2, 3999.0);
INSERT INTO order_items VALUES (203, 113, 7, 1, 2199.0);
INSERT INTO order_items VALUES (204, 113, 13, 1, 349.0);
INSERT INTO order_items VALUES (205, 113, 18, 1, 1199.0);
INSERT INTO order_items VALUES (206, 114, 15, 1, 449.0);
INSERT INTO order_items VALUES (207, 115, 17, 1, 399.0);
INSERT INTO order_items VALUES (208, 116, 4, 1, 1299.0);
INSERT INTO order_items VALUES (209, 117, 2, 1, 2499.0);
INSERT INTO order_items VALUES (210, 117, 4, 1, 1299.0);
INSERT INTO order_items VALUES (211, 117, 8, 2, 1799.0);
INSERT INTO order_items VALUES (212, 117, 5, 1, 599.0);
INSERT INTO order_items VALUES (213, 118, 6, 3, 2999.0);
INSERT INTO order_items VALUES (214, 119, 12, 1, 999.0);
INSERT INTO order_items VALUES (215, 120, 11, 1, 1899.0);
INSERT INTO order_items VALUES (216, 121, 9, 1, 799.0);
INSERT INTO order_items VALUES (217, 121, 1, 2, 1999.0);
INSERT INTO order_items VALUES (218, 122, 14, 3, 549.0);
INSERT INTO order_items VALUES (219, 123, 13, 1, 349.0);
INSERT INTO order_items VALUES (220, 124, 4, 1, 1299.0);
INSERT INTO order_items VALUES (221, 125, 5, 1, 599.0);
INSERT INTO order_items VALUES (222, 126, 15, 2, 449.0);
INSERT INTO order_items VALUES (223, 127, 3, 1, 3999.0);
INSERT INTO order_items VALUES (224, 127, 18, 2, 1199.0);
INSERT INTO order_items VALUES (225, 128, 11, 1, 1899.0);
INSERT INTO order_items VALUES (226, 129, 14, 1, 549.0);
INSERT INTO order_items VALUES (227, 129, 9, 1, 799.0);
INSERT INTO order_items VALUES (228, 130, 4, 1, 1299.0);
INSERT INTO order_items VALUES (229, 131, 14, 1, 549.0);
INSERT INTO order_items VALUES (230, 131, 3, 1, 3999.0);
INSERT INTO order_items VALUES (231, 132, 9, 1, 799.0);
INSERT INTO order_items VALUES (232, 133, 18, 1, 1199.0);
INSERT INTO order_items VALUES (233, 133, 1, 2, 1999.0);
INSERT INTO order_items VALUES (234, 134, 2, 1, 2499.0);
INSERT INTO order_items VALUES (235, 135, 15, 1, 449.0);
INSERT INTO order_items VALUES (236, 135, 1, 1, 1999.0);
INSERT INTO order_items VALUES (237, 136, 3, 2, 3999.0);
INSERT INTO order_items VALUES (238, 137, 13, 1, 349.0);
INSERT INTO order_items VALUES (239, 137, 17, 1, 399.0);
INSERT INTO order_items VALUES (240, 137, 11, 1, 1899.0);
INSERT INTO order_items VALUES (241, 138, 5, 3, 599.0);
INSERT INTO order_items VALUES (242, 139, 17, 1, 399.0);
INSERT INTO order_items VALUES (243, 139, 6, 2, 2999.0);
INSERT INTO order_items VALUES (244, 140, 2, 3, 2499.0);
INSERT INTO order_items VALUES (245, 140, 11, 1, 1899.0);
INSERT INTO order_items VALUES (246, 141, 4, 1, 1299.0);
INSERT INTO order_items VALUES (247, 141, 6, 1, 2999.0);
INSERT INTO order_items VALUES (248, 142, 3, 3, 3999.0);
INSERT INTO order_items VALUES (249, 142, 15, 1, 449.0);
INSERT INTO order_items VALUES (250, 143, 6, 1, 2999.0);
INSERT INTO order_items VALUES (251, 143, 10, 1, 1499.0);
INSERT INTO order_items VALUES (252, 144, 14, 1, 549.0);
INSERT INTO order_items VALUES (253, 145, 8, 2, 1799.0);
INSERT INTO order_items VALUES (254, 146, 11, 3, 1899.0);
INSERT INTO order_items VALUES (255, 147, 14, 1, 549.0);
INSERT INTO order_items VALUES (256, 147, 8, 1, 1799.0);
INSERT INTO order_items VALUES (257, 147, 5, 1, 599.0);
INSERT INTO order_items VALUES (258, 148, 4, 1, 1299.0);
INSERT INTO order_items VALUES (259, 148, 13, 1, 349.0);
INSERT INTO order_items VALUES (260, 149, 17, 1, 399.0);
INSERT INTO order_items VALUES (261, 150, 11, 2, 1899.0);
INSERT INTO order_items VALUES (262, 150, 1, 1, 1999.0);
INSERT INTO order_items VALUES (263, 151, 18, 3, 1199.0);
INSERT INTO order_items VALUES (264, 152, 16, 1, 899.0);
INSERT INTO order_items VALUES (265, 153, 17, 1, 399.0);
INSERT INTO order_items VALUES (266, 154, 14, 1, 549.0);
INSERT INTO order_items VALUES (267, 155, 16, 3, 899.0);
INSERT INTO order_items VALUES (268, 155, 14, 1, 549.0);
INSERT INTO order_items VALUES (269, 156, 5, 2, 599.0);
INSERT INTO order_items VALUES (270, 157, 4, 1, 1299.0);
INSERT INTO order_items VALUES (271, 157, 14, 2, 549.0);
INSERT INTO order_items VALUES (272, 158, 2, 1, 2499.0);
INSERT INTO order_items VALUES (273, 159, 4, 1, 1299.0);
INSERT INTO order_items VALUES (274, 160, 2, 1, 2499.0);
INSERT INTO order_items VALUES (275, 161, 9, 1, 799.0);
INSERT INTO order_items VALUES (276, 161, 3, 3, 3999.0);
INSERT INTO order_items VALUES (277, 162, 15, 1, 449.0);
INSERT INTO order_items VALUES (278, 163, 2, 2, 2499.0);
INSERT INTO order_items VALUES (279, 164, 14, 3, 549.0);
INSERT INTO order_items VALUES (280, 164, 10, 2, 1499.0);
INSERT INTO order_items VALUES (281, 165, 5, 2, 599.0);
INSERT INTO order_items VALUES (282, 166, 18, 1, 1199.0);
INSERT INTO order_items VALUES (283, 166, 5, 3, 599.0);
INSERT INTO order_items VALUES (284, 166, 4, 2, 1299.0);
INSERT INTO order_items VALUES (285, 167, 5, 1, 599.0);
INSERT INTO order_items VALUES (286, 167, 13, 1, 349.0);
INSERT INTO order_items VALUES (287, 167, 3, 1, 3999.0);
INSERT INTO order_items VALUES (288, 168, 8, 3, 1799.0);
INSERT INTO order_items VALUES (289, 169, 17, 1, 399.0);
INSERT INTO order_items VALUES (290, 169, 15, 1, 449.0);
INSERT INTO order_items VALUES (291, 170, 2, 2, 2499.0);
INSERT INTO order_items VALUES (292, 170, 4, 1, 1299.0);
INSERT INTO order_items VALUES (293, 171, 4, 2, 1299.0);
INSERT INTO order_items VALUES (294, 172, 14, 2, 549.0);
INSERT INTO order_items VALUES (295, 172, 7, 1, 2199.0);
INSERT INTO order_items VALUES (296, 172, 8, 3, 1799.0);
INSERT INTO order_items VALUES (297, 172, 3, 1, 3999.0);
INSERT INTO order_items VALUES (298, 173, 15, 1, 449.0);
INSERT INTO order_items VALUES (299, 173, 1, 3, 1999.0);
INSERT INTO order_items VALUES (300, 173, 12, 1, 999.0);
INSERT INTO order_items VALUES (301, 174, 17, 3, 399.0);
INSERT INTO order_items VALUES (302, 175, 15, 2, 449.0);
INSERT INTO order_items VALUES (303, 175, 1, 1, 1999.0);
INSERT INTO order_items VALUES (304, 176, 18, 1, 1199.0);
INSERT INTO order_items VALUES (305, 177, 8, 2, 1799.0);
INSERT INTO order_items VALUES (306, 178, 16, 3, 899.0);
INSERT INTO order_items VALUES (307, 178, 18, 1, 1199.0);
INSERT INTO order_items VALUES (308, 179, 15, 1, 449.0);
INSERT INTO order_items VALUES (309, 179, 11, 3, 1899.0);
INSERT INTO order_items VALUES (310, 180, 17, 1, 399.0);
INSERT INTO order_items VALUES (311, 181, 17, 1, 399.0);
INSERT INTO order_items VALUES (312, 181, 14, 1, 549.0);
INSERT INTO order_items VALUES (313, 182, 18, 1, 1199.0);
INSERT INTO order_items VALUES (314, 183, 18, 3, 1199.0);
INSERT INTO order_items VALUES (315, 183, 2, 1, 2499.0);
INSERT INTO order_items VALUES (316, 184, 2, 1, 2499.0);
INSERT INTO order_items VALUES (317, 184, 3, 2, 3999.0);
INSERT INTO order_items VALUES (318, 185, 17, 2, 399.0);
INSERT INTO order_items VALUES (319, 185, 12, 2, 999.0);
INSERT INTO order_items VALUES (320, 185, 15, 2, 449.0);
INSERT INTO order_items VALUES (321, 186, 9, 2, 799.0);
INSERT INTO order_items VALUES (322, 186, 4, 1, 1299.0);
INSERT INTO order_items VALUES (323, 187, 5, 1, 599.0);
INSERT INTO order_items VALUES (324, 187, 3, 3, 3999.0);
INSERT INTO order_items VALUES (325, 187, 16, 1, 899.0);
INSERT INTO order_items VALUES (326, 188, 17, 1, 399.0);
INSERT INTO order_items VALUES (327, 189, 4, 1, 1299.0);
INSERT INTO order_items VALUES (328, 189, 5, 1, 599.0);
INSERT INTO order_items VALUES (329, 190, 14, 1, 549.0);
INSERT INTO order_items VALUES (330, 191, 4, 1, 1299.0);
INSERT INTO order_items VALUES (331, 192, 1, 1, 1999.0);
INSERT INTO order_items VALUES (332, 192, 14, 3, 549.0);
INSERT INTO order_items VALUES (333, 193, 1, 3, 1999.0);
INSERT INTO order_items VALUES (334, 193, 11, 1, 1899.0);
INSERT INTO order_items VALUES (335, 193, 12, 2, 999.0);
INSERT INTO order_items VALUES (336, 194, 16, 1, 899.0);
INSERT INTO order_items VALUES (337, 195, 6, 2, 2999.0);
INSERT INTO order_items VALUES (338, 196, 9, 1, 799.0);
INSERT INTO order_items VALUES (339, 197, 16, 1, 899.0);
INSERT INTO order_items VALUES (340, 197, 15, 1, 449.0);
INSERT INTO order_items VALUES (341, 198, 18, 2, 1199.0);
INSERT INTO order_items VALUES (342, 198, 2, 1, 2499.0);
INSERT INTO order_items VALUES (343, 199, 1, 1, 1999.0);
INSERT INTO order_items VALUES (344, 200, 16, 3, 899.0);
INSERT INTO order_items VALUES (345, 200, 2, 1, 2499.0);
INSERT INTO order_items VALUES (346, 200, 14, 1, 549.0);
INSERT INTO order_items VALUES (347, 201, 17, 2, 399.0);
INSERT INTO order_items VALUES (348, 201, 14, 1, 549.0);
INSERT INTO order_items VALUES (349, 202, 2, 1, 2499.0);
INSERT INTO order_items VALUES (350, 202, 6, 1, 2999.0);
INSERT INTO order_items VALUES (351, 203, 6, 1, 2999.0);
INSERT INTO order_items VALUES (352, 204, 14, 1, 549.0);
INSERT INTO order_items VALUES (353, 205, 14, 1, 549.0);
INSERT INTO order_items VALUES (354, 205, 1, 3, 1999.0);
INSERT INTO order_items VALUES (355, 206, 14, 1, 549.0);
INSERT INTO order_items VALUES (356, 207, 15, 1, 449.0);
INSERT INTO order_items VALUES (357, 208, 5, 1, 599.0);
INSERT INTO order_items VALUES (358, 208, 14, 1, 549.0);
INSERT INTO order_items VALUES (359, 209, 9, 1, 799.0);
INSERT INTO order_items VALUES (360, 209, 15, 1, 449.0);
INSERT INTO order_items VALUES (361, 209, 10, 1, 1499.0);
INSERT INTO order_items VALUES (362, 210, 16, 1, 899.0);
INSERT INTO order_items VALUES (363, 211, 14, 1, 549.0);
INSERT INTO order_items VALUES (364, 212, 7, 2, 2199.0);
INSERT INTO order_items VALUES (365, 213, 6, 1, 2999.0);
INSERT INTO order_items VALUES (366, 213, 2, 1, 2499.0);
INSERT INTO order_items VALUES (367, 214, 18, 2, 1199.0);
INSERT INTO order_items VALUES (368, 214, 1, 1, 1999.0);
INSERT INTO order_items VALUES (369, 214, 2, 1, 2499.0);
INSERT INTO order_items VALUES (370, 214, 7, 2, 2199.0);
INSERT INTO order_items VALUES (371, 215, 8, 1, 1799.0);
INSERT INTO order_items VALUES (372, 215, 6, 3, 2999.0);
INSERT INTO order_items VALUES (373, 216, 16, 2, 899.0);
INSERT INTO order_items VALUES (374, 217, 12, 1, 999.0);
INSERT INTO order_items VALUES (375, 217, 9, 1, 799.0);
INSERT INTO order_items VALUES (376, 217, 8, 1, 1799.0);
INSERT INTO order_items VALUES (377, 218, 14, 2, 549.0);
INSERT INTO order_items VALUES (378, 219, 11, 1, 1899.0);
INSERT INTO order_items VALUES (379, 219, 16, 1, 899.0);
INSERT INTO order_items VALUES (380, 220, 12, 2, 999.0);
INSERT INTO order_items VALUES (381, 220, 18, 1, 1199.0);
INSERT INTO order_items VALUES (382, 221, 11, 1, 1899.0);
INSERT INTO order_items VALUES (383, 222, 8, 1, 1799.0);
INSERT INTO order_items VALUES (384, 222, 1, 2, 1999.0);
INSERT INTO order_items VALUES (385, 223, 16, 2, 899.0);
INSERT INTO order_items VALUES (386, 224, 9, 1, 799.0);
INSERT INTO order_items VALUES (387, 225, 7, 1, 2199.0);
INSERT INTO order_items VALUES (388, 226, 15, 1, 449.0);
INSERT INTO order_items VALUES (389, 227, 2, 2, 2499.0);
INSERT INTO order_items VALUES (390, 227, 14, 1, 549.0);
INSERT INTO order_items VALUES (391, 228, 14, 1, 549.0);
INSERT INTO order_items VALUES (392, 228, 18, 2, 1199.0);
INSERT INTO order_items VALUES (393, 229, 10, 1, 1499.0);
INSERT INTO order_items VALUES (394, 229, 5, 1, 599.0);
INSERT INTO order_items VALUES (395, 230, 16, 1, 899.0);
INSERT INTO order_items VALUES (396, 231, 16, 1, 899.0);
INSERT INTO order_items VALUES (397, 231, 11, 2, 1899.0);
INSERT INTO order_items VALUES (398, 232, 9, 3, 799.0);
INSERT INTO order_items VALUES (399, 232, 17, 1, 399.0);
INSERT INTO order_items VALUES (400, 233, 4, 1, 1299.0);
INSERT INTO order_items VALUES (401, 234, 3, 1, 3999.0);
INSERT INTO order_items VALUES (402, 235, 3, 1, 3999.0);
INSERT INTO order_items VALUES (403, 236, 10, 1, 1499.0);
INSERT INTO order_items VALUES (404, 236, 4, 1, 1299.0);
INSERT INTO order_items VALUES (405, 236, 6, 1, 2999.0);
INSERT INTO order_items VALUES (406, 237, 15, 1, 449.0);
INSERT INTO order_items VALUES (407, 237, 5, 1, 599.0);
INSERT INTO order_items VALUES (408, 238, 3, 1, 3999.0);
INSERT INTO order_items VALUES (409, 239, 15, 1, 449.0);
INSERT INTO order_items VALUES (410, 240, 6, 2, 2999.0);
INSERT INTO order_items VALUES (411, 241, 9, 1, 799.0);
INSERT INTO order_items VALUES (412, 242, 9, 1, 799.0);
INSERT INTO order_items VALUES (413, 243, 1, 1, 1999.0);
INSERT INTO order_items VALUES (414, 243, 4, 3, 1299.0);
INSERT INTO order_items VALUES (415, 244, 2, 1, 2499.0);
INSERT INTO order_items VALUES (416, 244, 10, 2, 1499.0);
INSERT INTO order_items VALUES (417, 245, 5, 2, 599.0);
INSERT INTO order_items VALUES (418, 245, 15, 3, 449.0);
INSERT INTO order_items VALUES (419, 246, 10, 1, 1499.0);
INSERT INTO order_items VALUES (420, 246, 11, 2, 1899.0);
INSERT INTO order_items VALUES (421, 247, 12, 1, 999.0);
INSERT INTO order_items VALUES (422, 248, 11, 1, 1899.0);
INSERT INTO order_items VALUES (423, 249, 12, 1, 999.0);
INSERT INTO order_items VALUES (424, 250, 16, 1, 899.0);
INSERT INTO order_items VALUES (425, 250, 8, 1, 1799.0);
INSERT INTO order_items VALUES (426, 250, 1, 3, 1999.0);
INSERT INTO order_items VALUES (427, 251, 8, 1, 1799.0);
INSERT INTO order_items VALUES (428, 251, 15, 2, 449.0);
INSERT INTO order_items VALUES (429, 252, 12, 1, 999.0);
INSERT INTO order_items VALUES (430, 252, 18, 1, 1199.0);
INSERT INTO order_items VALUES (431, 253, 16, 2, 899.0);
INSERT INTO order_items VALUES (432, 254, 1, 1, 1999.0);
INSERT INTO order_items VALUES (433, 255, 14, 1, 549.0);
INSERT INTO order_items VALUES (434, 256, 12, 1, 999.0);
INSERT INTO order_items VALUES (435, 256, 7, 1, 2199.0);
INSERT INTO order_items VALUES (436, 257, 13, 1, 349.0);
INSERT INTO order_items VALUES (437, 257, 14, 1, 549.0);
INSERT INTO order_items VALUES (438, 258, 4, 3, 1299.0);
INSERT INTO order_items VALUES (439, 259, 10, 2, 1499.0);
INSERT INTO order_items VALUES (440, 259, 7, 1, 2199.0);
INSERT INTO order_items VALUES (441, 260, 10, 2, 1499.0);
INSERT INTO order_items VALUES (442, 261, 16, 1, 899.0);
INSERT INTO order_items VALUES (443, 262, 18, 1, 1199.0);
INSERT INTO order_items VALUES (444, 262, 8, 1, 1799.0);
INSERT INTO order_items VALUES (445, 263, 6, 2, 2999.0);
INSERT INTO order_items VALUES (446, 264, 4, 1, 1299.0);
INSERT INTO order_items VALUES (447, 265, 10, 1, 1499.0);
INSERT INTO order_items VALUES (448, 265, 2, 2, 2499.0);
INSERT INTO order_items VALUES (449, 266, 5, 1, 599.0);
INSERT INTO order_items VALUES (450, 267, 13, 1, 349.0);
INSERT INTO order_items VALUES (451, 268, 4, 1, 1299.0);
INSERT INTO order_items VALUES (452, 268, 7, 2, 2199.0);
INSERT INTO order_items VALUES (453, 269, 9, 3, 799.0);
INSERT INTO order_items VALUES (454, 269, 16, 1, 899.0);
INSERT INTO order_items VALUES (455, 270, 16, 1, 899.0);
INSERT INTO order_items VALUES (456, 271, 11, 1, 1899.0);
INSERT INTO order_items VALUES (457, 271, 3, 2, 3999.0);
INSERT INTO order_items VALUES (458, 272, 3, 1, 3999.0);
INSERT INTO order_items VALUES (459, 273, 8, 2, 1799.0);
INSERT INTO order_items VALUES (460, 273, 17, 3, 399.0);
INSERT INTO order_items VALUES (461, 274, 12, 1, 999.0);
INSERT INTO order_items VALUES (462, 275, 16, 2, 899.0);
INSERT INTO order_items VALUES (463, 275, 9, 2, 799.0);
INSERT INTO order_items VALUES (464, 276, 18, 1, 1199.0);
INSERT INTO order_items VALUES (465, 277, 9, 3, 799.0);
INSERT INTO order_items VALUES (466, 277, 18, 1, 1199.0);
INSERT INTO order_items VALUES (467, 278, 11, 1, 1899.0);
INSERT INTO order_items VALUES (468, 279, 15, 2, 449.0);
INSERT INTO order_items VALUES (469, 279, 10, 1, 1499.0);
INSERT INTO order_items VALUES (470, 280, 12, 1, 999.0);
INSERT INTO order_items VALUES (471, 281, 15, 2, 449.0);
INSERT INTO order_items VALUES (472, 282, 2, 1, 2499.0);
INSERT INTO order_items VALUES (473, 283, 13, 2, 349.0);
INSERT INTO order_items VALUES (474, 284, 17, 1, 399.0);
INSERT INTO order_items VALUES (475, 285, 10, 3, 1499.0);
INSERT INTO order_items VALUES (476, 285, 4, 1, 1299.0);
INSERT INTO order_items VALUES (477, 286, 10, 1, 1499.0);
INSERT INTO order_items VALUES (478, 287, 18, 1, 1199.0);
INSERT INTO order_items VALUES (479, 288, 16, 1, 899.0);
INSERT INTO order_items VALUES (480, 289, 3, 1, 3999.0);
INSERT INTO order_items VALUES (481, 289, 8, 1, 1799.0);
INSERT INTO order_items VALUES (482, 290, 3, 2, 3999.0);
INSERT INTO order_items VALUES (483, 291, 2, 1, 2499.0);
INSERT INTO order_items VALUES (484, 292, 10, 1, 1499.0);
INSERT INTO order_items VALUES (485, 292, 16, 1, 899.0);
INSERT INTO order_items VALUES (486, 292, 4, 3, 1299.0);
INSERT INTO order_items VALUES (487, 292, 17, 1, 399.0);
INSERT INTO order_items VALUES (488, 293, 18, 2, 1199.0);
INSERT INTO order_items VALUES (489, 293, 8, 1, 1799.0);
INSERT INTO order_items VALUES (490, 293, 17, 1, 399.0);
INSERT INTO order_items VALUES (491, 294, 10, 1, 1499.0);
INSERT INTO order_items VALUES (492, 294, 15, 1, 449.0);
INSERT INTO order_items VALUES (493, 294, 9, 2, 799.0);
INSERT INTO order_items VALUES (494, 294, 18, 1, 1199.0);
INSERT INTO order_items VALUES (495, 295, 11, 2, 1899.0);
INSERT INTO order_items VALUES (496, 296, 18, 1, 1199.0);
INSERT INTO order_items VALUES (497, 297, 15, 1, 449.0);
INSERT INTO order_items VALUES (498, 298, 9, 1, 799.0);
INSERT INTO order_items VALUES (499, 298, 5, 2, 599.0);
INSERT INTO order_items VALUES (500, 298, 6, 1, 2999.0);
INSERT INTO order_items VALUES (501, 299, 3, 2, 3999.0);
INSERT INTO order_items VALUES (502, 299, 2, 3, 2499.0);
INSERT INTO order_items VALUES (503, 299, 15, 1, 449.0);
INSERT INTO order_items VALUES (504, 299, 18, 1, 1199.0);
INSERT INTO order_items VALUES (505, 300, 1, 3, 1999.0);
INSERT INTO order_items VALUES (506, 300, 9, 1, 799.0);
INSERT INTO order_items VALUES (507, 301, 12, 1, 999.0);
INSERT INTO order_items VALUES (508, 301, 16, 2, 899.0);
INSERT INTO order_items VALUES (509, 301, 11, 2, 1899.0);
INSERT INTO order_items VALUES (510, 301, 5, 1, 599.0);
INSERT INTO order_items VALUES (511, 302, 11, 3, 1899.0);
INSERT INTO order_items VALUES (512, 303, 15, 1, 449.0);
INSERT INTO order_items VALUES (513, 304, 17, 2, 399.0);
INSERT INTO order_items VALUES (514, 304, 11, 2, 1899.0);
INSERT INTO order_items VALUES (515, 305, 5, 1, 599.0);
INSERT INTO order_items VALUES (516, 305, 8, 2, 1799.0);
INSERT INTO order_items VALUES (517, 305, 15, 1, 449.0);
INSERT INTO order_items VALUES (518, 306, 4, 1, 1299.0);
INSERT INTO order_items VALUES (519, 306, 10, 2, 1499.0);
INSERT INTO order_items VALUES (520, 307, 2, 1, 2499.0);
INSERT INTO order_items VALUES (521, 308, 1, 1, 1999.0);
INSERT INTO order_items VALUES (522, 309, 16, 1, 899.0);
INSERT INTO order_items VALUES (523, 310, 18, 1, 1199.0);
INSERT INTO order_items VALUES (524, 311, 5, 3, 599.0);
INSERT INTO order_items VALUES (525, 312, 5, 1, 599.0);
INSERT INTO order_items VALUES (526, 313, 4, 3, 1299.0);
INSERT INTO order_items VALUES (527, 313, 8, 1, 1799.0);
INSERT INTO order_items VALUES (528, 314, 16, 2, 899.0);
INSERT INTO order_items VALUES (529, 314, 12, 1, 999.0);
INSERT INTO order_items VALUES (530, 314, 9, 3, 799.0);
INSERT INTO order_items VALUES (531, 315, 7, 3, 2199.0);
INSERT INTO order_items VALUES (532, 316, 4, 1, 1299.0);
INSERT INTO order_items VALUES (533, 317, 17, 1, 399.0);
INSERT INTO order_items VALUES (534, 318, 14, 1, 549.0);
INSERT INTO order_items VALUES (535, 319, 12, 3, 999.0);
INSERT INTO order_items VALUES (536, 319, 5, 1, 599.0);
INSERT INTO order_items VALUES (537, 319, 18, 2, 1199.0);
INSERT INTO order_items VALUES (538, 319, 9, 1, 799.0);
INSERT INTO order_items VALUES (539, 320, 18, 1, 1199.0);
INSERT INTO order_items VALUES (540, 320, 17, 2, 399.0);
INSERT INTO order_items VALUES (541, 320, 9, 1, 799.0);
INSERT INTO order_items VALUES (542, 321, 5, 1, 599.0);
INSERT INTO order_items VALUES (543, 321, 11, 2, 1899.0);
INSERT INTO order_items VALUES (544, 321, 4, 1, 1299.0);
INSERT INTO order_items VALUES (545, 321, 1, 1, 1999.0);
INSERT INTO order_items VALUES (546, 322, 14, 1, 549.0);
INSERT INTO order_items VALUES (547, 322, 16, 3, 899.0);
INSERT INTO order_items VALUES (548, 323, 2, 1, 2499.0);
INSERT INTO order_items VALUES (549, 324, 2, 1, 2499.0);
INSERT INTO order_items VALUES (550, 324, 12, 2, 999.0);
INSERT INTO order_items VALUES (551, 325, 15, 1, 449.0);
INSERT INTO order_items VALUES (552, 326, 8, 1, 1799.0);
INSERT INTO order_items VALUES (553, 326, 7, 3, 2199.0);
INSERT INTO order_items VALUES (554, 327, 18, 1, 1199.0);
INSERT INTO order_items VALUES (555, 327, 13, 1, 349.0);
INSERT INTO order_items VALUES (556, 328, 9, 1, 799.0);
INSERT INTO order_items VALUES (557, 328, 2, 1, 2499.0);
INSERT INTO order_items VALUES (558, 329, 18, 1, 1199.0);
INSERT INTO order_items VALUES (559, 329, 16, 1, 899.0);
INSERT INTO order_items VALUES (560, 330, 15, 1, 449.0);
INSERT INTO order_items VALUES (561, 330, 4, 1, 1299.0);
INSERT INTO order_items VALUES (562, 331, 2, 1, 2499.0);
INSERT INTO order_items VALUES (563, 331, 12, 1, 999.0);
INSERT INTO order_items VALUES (564, 331, 3, 1, 3999.0);
INSERT INTO order_items VALUES (565, 332, 9, 3, 799.0);
INSERT INTO order_items VALUES (566, 333, 12, 1, 999.0);
INSERT INTO order_items VALUES (567, 333, 16, 1, 899.0);
INSERT INTO order_items VALUES (568, 334, 12, 1, 999.0);
INSERT INTO order_items VALUES (569, 334, 9, 1, 799.0);
INSERT INTO order_items VALUES (570, 335, 14, 1, 549.0);
INSERT INTO order_items VALUES (571, 335, 4, 1, 1299.0);
INSERT INTO order_items VALUES (572, 336, 3, 1, 3999.0);
INSERT INTO order_items VALUES (573, 337, 8, 1, 1799.0);
INSERT INTO order_items VALUES (574, 338, 1, 1, 1999.0);
INSERT INTO order_items VALUES (575, 339, 7, 1, 2199.0);
INSERT INTO order_items VALUES (576, 340, 5, 1, 599.0);
INSERT INTO order_items VALUES (577, 340, 2, 1, 2499.0);
INSERT INTO order_items VALUES (578, 340, 4, 2, 1299.0);
INSERT INTO order_items VALUES (579, 341, 1, 2, 1999.0);
INSERT INTO order_items VALUES (580, 341, 4, 3, 1299.0);
INSERT INTO order_items VALUES (581, 342, 2, 2, 2499.0);
INSERT INTO order_items VALUES (582, 342, 3, 1, 3999.0);
INSERT INTO order_items VALUES (583, 343, 1, 1, 1999.0);
INSERT INTO order_items VALUES (584, 343, 13, 1, 349.0);
INSERT INTO order_items VALUES (585, 344, 9, 2, 799.0);
INSERT INTO order_items VALUES (586, 345, 7, 1, 2199.0);
INSERT INTO order_items VALUES (587, 345, 14, 3, 549.0);
INSERT INTO order_items VALUES (588, 346, 1, 1, 1999.0);
INSERT INTO order_items VALUES (589, 346, 6, 1, 2999.0);
INSERT INTO order_items VALUES (590, 346, 4, 3, 1299.0);
INSERT INTO order_items VALUES (591, 346, 13, 1, 349.0);
INSERT INTO order_items VALUES (592, 347, 1, 1, 1999.0);
INSERT INTO order_items VALUES (593, 347, 14, 1, 549.0);
INSERT INTO order_items VALUES (594, 348, 14, 1, 549.0);
INSERT INTO order_items VALUES (595, 349, 18, 1, 1199.0);
INSERT INTO order_items VALUES (596, 349, 13, 1, 349.0);
INSERT INTO order_items VALUES (597, 350, 1, 1, 1999.0);
INSERT INTO order_items VALUES (598, 350, 16, 1, 899.0);
INSERT INTO order_items VALUES (599, 350, 17, 2, 399.0);
INSERT INTO order_items VALUES (600, 351, 9, 1, 799.0);
INSERT INTO order_items VALUES (601, 351, 17, 1, 399.0);
INSERT INTO order_items VALUES (602, 352, 4, 1, 1299.0);
INSERT INTO order_items VALUES (603, 353, 2, 1, 2499.0);
INSERT INTO order_items VALUES (604, 354, 16, 1, 899.0);
INSERT INTO order_items VALUES (605, 355, 6, 2, 2999.0);
INSERT INTO order_items VALUES (606, 356, 16, 2, 899.0);
INSERT INTO order_items VALUES (607, 357, 7, 2, 2199.0);
INSERT INTO order_items VALUES (608, 358, 9, 1, 799.0);
INSERT INTO order_items VALUES (609, 359, 2, 2, 2499.0);
INSERT INTO order_items VALUES (610, 360, 6, 1, 2999.0);
INSERT INTO order_items VALUES (611, 360, 11, 1, 1899.0);
INSERT INTO order_items VALUES (612, 361, 2, 1, 2499.0);
INSERT INTO order_items VALUES (613, 362, 14, 1, 549.0);
INSERT INTO order_items VALUES (614, 362, 9, 1, 799.0);
INSERT INTO order_items VALUES (615, 362, 1, 3, 1999.0);
INSERT INTO order_items VALUES (616, 362, 12, 2, 999.0);
INSERT INTO order_items VALUES (617, 363, 13, 1, 349.0);
INSERT INTO order_items VALUES (618, 363, 10, 3, 1499.0);
INSERT INTO order_items VALUES (619, 364, 2, 1, 2499.0);
INSERT INTO order_items VALUES (620, 364, 13, 2, 349.0);
INSERT INTO order_items VALUES (621, 364, 6, 1, 2999.0);
INSERT INTO order_items VALUES (622, 365, 5, 1, 599.0);
INSERT INTO order_items VALUES (623, 365, 14, 1, 549.0);
INSERT INTO order_items VALUES (624, 366, 3, 1, 3999.0);
INSERT INTO order_items VALUES (625, 366, 1, 1, 1999.0);
INSERT INTO order_items VALUES (626, 366, 8, 3, 1799.0);
INSERT INTO order_items VALUES (627, 367, 11, 1, 1899.0);
INSERT INTO order_items VALUES (628, 367, 14, 1, 549.0);
INSERT INTO order_items VALUES (629, 368, 6, 1, 2999.0);
INSERT INTO order_items VALUES (630, 368, 18, 2, 1199.0);
INSERT INTO order_items VALUES (631, 369, 14, 1, 549.0);
INSERT INTO order_items VALUES (632, 369, 8, 1, 1799.0);
INSERT INTO order_items VALUES (633, 369, 12, 3, 999.0);
INSERT INTO order_items VALUES (634, 370, 8, 1, 1799.0);
INSERT INTO order_items VALUES (635, 371, 18, 3, 1199.0);
INSERT INTO order_items VALUES (636, 372, 3, 1, 3999.0);
INSERT INTO order_items VALUES (637, 373, 3, 1, 3999.0);
INSERT INTO order_items VALUES (638, 374, 4, 1, 1299.0);
INSERT INTO order_items VALUES (639, 375, 5, 1, 599.0);
INSERT INTO order_items VALUES (640, 375, 18, 3, 1199.0);
INSERT INTO order_items VALUES (641, 375, 12, 1, 999.0);
INSERT INTO order_items VALUES (642, 376, 15, 1, 449.0);
INSERT INTO order_items VALUES (643, 377, 5, 1, 599.0);
INSERT INTO order_items VALUES (644, 377, 7, 1, 2199.0);
INSERT INTO order_items VALUES (645, 378, 12, 2, 999.0);
INSERT INTO order_items VALUES (646, 378, 10, 1, 1499.0);
INSERT INTO order_items VALUES (647, 378, 16, 1, 899.0);
INSERT INTO order_items VALUES (648, 379, 15, 1, 449.0);
INSERT INTO order_items VALUES (649, 379, 3, 1, 3999.0);
INSERT INTO order_items VALUES (650, 379, 16, 3, 899.0);
INSERT INTO order_items VALUES (651, 380, 12, 1, 999.0);
INSERT INTO order_items VALUES (652, 380, 16, 1, 899.0);
INSERT INTO order_items VALUES (653, 381, 9, 1, 799.0);
INSERT INTO order_items VALUES (654, 381, 1, 1, 1999.0);
INSERT INTO order_items VALUES (655, 382, 15, 2, 449.0);
INSERT INTO order_items VALUES (656, 382, 17, 3, 399.0);
INSERT INTO order_items VALUES (657, 383, 3, 1, 3999.0);
INSERT INTO order_items VALUES (658, 383, 14, 1, 549.0);
INSERT INTO order_items VALUES (659, 384, 8, 1, 1799.0);
INSERT INTO order_items VALUES (660, 384, 12, 1, 999.0);
INSERT INTO order_items VALUES (661, 384, 15, 1, 449.0);
INSERT INTO order_items VALUES (662, 385, 12, 1, 999.0);
INSERT INTO order_items VALUES (663, 385, 18, 1, 1199.0);
INSERT INTO order_items VALUES (664, 385, 14, 1, 549.0);
INSERT INTO order_items VALUES (665, 385, 4, 1, 1299.0);
INSERT INTO order_items VALUES (666, 386, 1, 3, 1999.0);
INSERT INTO order_items VALUES (667, 386, 7, 1, 2199.0);
INSERT INTO order_items VALUES (668, 387, 17, 2, 399.0);
INSERT INTO order_items VALUES (669, 387, 10, 1, 1499.0);
INSERT INTO order_items VALUES (670, 388, 9, 2, 799.0);
INSERT INTO order_items VALUES (671, 389, 9, 1, 799.0);
INSERT INTO order_items VALUES (672, 390, 16, 1, 899.0);
INSERT INTO order_items VALUES (673, 390, 17, 1, 399.0);
INSERT INTO order_items VALUES (674, 391, 8, 1, 1799.0);
INSERT INTO order_items VALUES (675, 392, 6, 2, 2999.0);
INSERT INTO order_items VALUES (676, 392, 2, 1, 2499.0);
INSERT INTO order_items VALUES (677, 392, 17, 1, 399.0);
INSERT INTO order_items VALUES (678, 393, 7, 1, 2199.0);
INSERT INTO order_items VALUES (679, 394, 13, 1, 349.0);
INSERT INTO order_items VALUES (680, 394, 10, 2, 1499.0);
INSERT INTO order_items VALUES (681, 395, 12, 1, 999.0);
INSERT INTO order_items VALUES (682, 396, 2, 1, 2499.0);
INSERT INTO order_items VALUES (683, 397, 6, 1, 2999.0);
INSERT INTO order_items VALUES (684, 398, 11, 1, 1899.0);
INSERT INTO order_items VALUES (685, 398, 12, 1, 999.0);
INSERT INTO order_items VALUES (686, 399, 5, 1, 599.0);
INSERT INTO order_items VALUES (687, 400, 18, 1, 1199.0);
INSERT INTO order_items VALUES (688, 401, 7, 1, 2199.0);
INSERT INTO order_items VALUES (689, 402, 8, 1, 1799.0);
INSERT INTO order_items VALUES (690, 402, 10, 2, 1499.0);
INSERT INTO order_items VALUES (691, 402, 16, 1, 899.0);
INSERT INTO order_items VALUES (692, 403, 4, 3, 1299.0);
INSERT INTO order_items VALUES (693, 403, 9, 3, 799.0);
INSERT INTO order_items VALUES (694, 404, 2, 1, 2499.0);
INSERT INTO order_items VALUES (695, 404, 4, 1, 1299.0);
INSERT INTO order_items VALUES (696, 405, 4, 1, 1299.0);
INSERT INTO order_items VALUES (697, 406, 18, 1, 1199.0);
INSERT INTO order_items VALUES (698, 407, 9, 1, 799.0);
INSERT INTO order_items VALUES (699, 407, 3, 2, 3999.0);
INSERT INTO order_items VALUES (700, 408, 15, 1, 449.0);
INSERT INTO order_items VALUES (701, 409, 1, 1, 1999.0);
INSERT INTO order_items VALUES (702, 410, 16, 2, 899.0);
INSERT INTO order_items VALUES (703, 411, 2, 1, 2499.0);
INSERT INTO order_items VALUES (704, 411, 13, 1, 349.0);
INSERT INTO order_items VALUES (705, 412, 12, 1, 999.0);
INSERT INTO order_items VALUES (706, 412, 18, 1, 1199.0);
INSERT INTO order_items VALUES (707, 413, 2, 1, 2499.0);
INSERT INTO order_items VALUES (708, 414, 17, 1, 399.0);
INSERT INTO order_items VALUES (709, 415, 15, 2, 449.0);
INSERT INTO order_items VALUES (710, 415, 7, 1, 2199.0);
INSERT INTO order_items VALUES (711, 415, 3, 1, 3999.0);
INSERT INTO order_items VALUES (712, 416, 1, 1, 1999.0);
INSERT INTO order_items VALUES (713, 416, 10, 2, 1499.0);
INSERT INTO order_items VALUES (714, 416, 7, 2, 2199.0);
INSERT INTO order_items VALUES (715, 416, 18, 1, 1199.0);
INSERT INTO order_items VALUES (716, 417, 15, 1, 449.0);
INSERT INTO order_items VALUES (717, 418, 15, 3, 449.0);
INSERT INTO order_items VALUES (718, 418, 4, 1, 1299.0);
INSERT INTO order_items VALUES (719, 418, 17, 2, 399.0);
INSERT INTO order_items VALUES (720, 419, 9, 1, 799.0);
INSERT INTO order_items VALUES (721, 420, 11, 1, 1899.0);
INSERT INTO order_items VALUES (722, 420, 8, 2, 1799.0);
INSERT INTO order_items VALUES (723, 420, 17, 1, 399.0);
INSERT INTO order_items VALUES (724, 420, 18, 1, 1199.0);
INSERT INTO order_items VALUES (725, 421, 9, 1, 799.0);
INSERT INTO order_items VALUES (726, 422, 10, 1, 1499.0);
INSERT INTO order_items VALUES (727, 422, 2, 1, 2499.0);
INSERT INTO order_items VALUES (728, 423, 7, 3, 2199.0);
INSERT INTO order_items VALUES (729, 423, 14, 2, 549.0);
INSERT INTO order_items VALUES (730, 424, 15, 1, 449.0);
INSERT INTO order_items VALUES (731, 425, 2, 2, 2499.0);
INSERT INTO order_items VALUES (732, 425, 14, 1, 549.0);
INSERT INTO order_items VALUES (733, 426, 17, 2, 399.0);
INSERT INTO order_items VALUES (734, 427, 11, 1, 1899.0);
INSERT INTO order_items VALUES (735, 427, 3, 1, 3999.0);
INSERT INTO order_items VALUES (736, 428, 7, 1, 2199.0);
INSERT INTO order_items VALUES (737, 428, 14, 1, 549.0);
INSERT INTO order_items VALUES (738, 429, 1, 1, 1999.0);
INSERT INTO order_items VALUES (739, 430, 9, 2, 799.0);
INSERT INTO order_items VALUES (740, 431, 9, 1, 799.0);
INSERT INTO order_items VALUES (741, 432, 11, 1, 1899.0);
INSERT INTO order_items VALUES (742, 432, 14, 1, 549.0);
INSERT INTO order_items VALUES (743, 433, 2, 1, 2499.0);
INSERT INTO order_items VALUES (744, 433, 1, 1, 1999.0);
INSERT INTO order_items VALUES (745, 433, 10, 1, 1499.0);
INSERT INTO order_items VALUES (746, 434, 7, 1, 2199.0);
INSERT INTO order_items VALUES (747, 434, 13, 1, 349.0);
INSERT INTO order_items VALUES (748, 434, 14, 1, 549.0);
INSERT INTO order_items VALUES (749, 435, 2, 1, 2499.0);
INSERT INTO order_items VALUES (750, 436, 4, 2, 1299.0);
INSERT INTO order_items VALUES (751, 437, 18, 3, 1199.0);
INSERT INTO order_items VALUES (752, 437, 3, 2, 3999.0);
INSERT INTO order_items VALUES (753, 438, 17, 1, 399.0);
INSERT INTO order_items VALUES (754, 438, 3, 1, 3999.0);
INSERT INTO order_items VALUES (755, 439, 13, 1, 349.0);
INSERT INTO order_items VALUES (756, 440, 14, 1, 549.0);
INSERT INTO order_items VALUES (757, 441, 13, 2, 349.0);
INSERT INTO order_items VALUES (758, 442, 1, 1, 1999.0);
INSERT INTO order_items VALUES (759, 443, 17, 1, 399.0);
INSERT INTO order_items VALUES (760, 443, 13, 2, 349.0);
INSERT INTO order_items VALUES (761, 444, 6, 1, 2999.0);
INSERT INTO order_items VALUES (762, 444, 11, 1, 1899.0);
INSERT INTO order_items VALUES (763, 445, 2, 1, 2499.0);
INSERT INTO order_items VALUES (764, 446, 13, 1, 349.0);
INSERT INTO order_items VALUES (765, 446, 15, 2, 449.0);
INSERT INTO order_items VALUES (766, 447, 15, 1, 449.0);
INSERT INTO order_items VALUES (767, 448, 5, 1, 599.0);
INSERT INTO order_items VALUES (768, 448, 18, 1, 1199.0);
INSERT INTO order_items VALUES (769, 449, 8, 1, 1799.0);
INSERT INTO order_items VALUES (770, 449, 16, 2, 899.0);
INSERT INTO order_items VALUES (771, 450, 4, 1, 1299.0);
INSERT INTO order_items VALUES (772, 451, 11, 3, 1899.0);
INSERT INTO order_items VALUES (773, 451, 10, 1, 1499.0);
INSERT INTO order_items VALUES (774, 451, 3, 2, 3999.0);
INSERT INTO order_items VALUES (775, 452, 15, 1, 449.0);
INSERT INTO order_items VALUES (776, 453, 10, 1, 1499.0);
INSERT INTO order_items VALUES (777, 454, 10, 2, 1499.0);
INSERT INTO order_items VALUES (778, 455, 7, 2, 2199.0);
INSERT INTO order_items VALUES (779, 455, 9, 1, 799.0);
INSERT INTO order_items VALUES (780, 455, 6, 1, 2999.0);
INSERT INTO order_items VALUES (781, 456, 9, 1, 799.0);
INSERT INTO order_items VALUES (782, 457, 1, 1, 1999.0);
INSERT INTO order_items VALUES (783, 457, 17, 1, 399.0);
INSERT INTO order_items VALUES (784, 458, 17, 1, 399.0);
INSERT INTO order_items VALUES (785, 458, 5, 1, 599.0);
INSERT INTO order_items VALUES (786, 459, 5, 1, 599.0);
INSERT INTO order_items VALUES (787, 459, 17, 1, 399.0);
INSERT INTO order_items VALUES (788, 460, 9, 1, 799.0);

-- returns (79 rows)
INSERT INTO returns VALUES (1, 15, '2024-03-09', 'Not as described');
INSERT INTO returns VALUES (2, 18, '2024-10-01', 'Not as described');
INSERT INTO returns VALUES (3, 21, '2024-11-29', 'Wrong size');
INSERT INTO returns VALUES (4, 25, '2024-07-22', 'Changed my mind');
INSERT INTO returns VALUES (5, 43, '2024-05-25', 'Defective');
INSERT INTO returns VALUES (6, 52, '2024-02-25', 'Not as described');
INSERT INTO returns VALUES (7, 95, '2024-04-19', 'Defective');
INSERT INTO returns VALUES (8, 98, '2024-01-28', 'Changed my mind');
INSERT INTO returns VALUES (9, 103, '2024-11-08', 'Defective');
INSERT INTO returns VALUES (10, 104, '2024-05-18', 'Changed my mind');
INSERT INTO returns VALUES (11, 109, '2024-03-29', 'Changed my mind');
INSERT INTO returns VALUES (12, 128, '2024-05-06', 'Wrong size');
INSERT INTO returns VALUES (13, 131, '2024-12-26', 'Not as described');
INSERT INTO returns VALUES (14, 132, '2024-12-23', 'Not as described');
INSERT INTO returns VALUES (15, 136, '2024-11-26', 'Changed my mind');
INSERT INTO returns VALUES (16, 144, '2024-07-11', 'Defective');
INSERT INTO returns VALUES (17, 165, '2024-08-23', 'Not as described');
INSERT INTO returns VALUES (18, 185, '2024-12-17', 'Not as described');
INSERT INTO returns VALUES (19, 195, '2024-07-21', 'Changed my mind');
INSERT INTO returns VALUES (20, 196, '2024-07-26', 'Defective');
INSERT INTO returns VALUES (21, 201, '2024-08-08', 'Not as described');
INSERT INTO returns VALUES (22, 210, '2024-11-05', 'Changed my mind');
INSERT INTO returns VALUES (23, 262, '2024-07-08', 'Changed my mind');
INSERT INTO returns VALUES (24, 263, '2024-09-29', 'Defective');
INSERT INTO returns VALUES (25, 267, '2024-02-15', 'Changed my mind');
INSERT INTO returns VALUES (26, 270, '2024-02-29', 'Defective');
INSERT INTO returns VALUES (27, 274, '2024-01-24', 'Not as described');
INSERT INTO returns VALUES (28, 278, '2024-05-16', 'Wrong size');
INSERT INTO returns VALUES (29, 321, '2024-12-20', 'Defective');
INSERT INTO returns VALUES (30, 326, '2024-08-15', 'Defective');
INSERT INTO returns VALUES (31, 327, '2024-02-12', 'Wrong size');
INSERT INTO returns VALUES (32, 340, '2024-12-22', 'Changed my mind');
INSERT INTO returns VALUES (33, 346, '2024-10-19', 'Changed my mind');
INSERT INTO returns VALUES (34, 353, '2024-01-28', 'Changed my mind');
INSERT INTO returns VALUES (35, 362, '2024-11-11', 'Not as described');
INSERT INTO returns VALUES (36, 380, '2024-06-24', 'Wrong size');
INSERT INTO returns VALUES (37, 397, '2024-06-03', 'Not as described');
INSERT INTO returns VALUES (38, 401, '2024-11-16', 'Changed my mind');
INSERT INTO returns VALUES (39, 416, '2024-12-11', 'Defective');
INSERT INTO returns VALUES (40, 419, '2024-11-04', 'Wrong size');
INSERT INTO returns VALUES (41, 420, '2024-11-08', 'Wrong size');
INSERT INTO returns VALUES (42, 440, '2024-02-06', 'Defective');
INSERT INTO returns VALUES (43, 442, '2024-04-23', 'Changed my mind');
INSERT INTO returns VALUES (44, 447, '2024-03-23', 'Wrong size');
INSERT INTO returns VALUES (45, 470, '2024-12-30', 'Not as described');
INSERT INTO returns VALUES (46, 481, '2024-11-22', 'Changed my mind');
INSERT INTO returns VALUES (47, 483, '2024-09-21', 'Not as described');
INSERT INTO returns VALUES (48, 523, '2024-11-07', 'Defective');
INSERT INTO returns VALUES (49, 531, '2024-10-31', 'Not as described');
INSERT INTO returns VALUES (50, 541, '2024-11-26', 'Changed my mind');
INSERT INTO returns VALUES (51, 557, '2024-06-26', 'Not as described');
INSERT INTO returns VALUES (52, 572, '2024-06-11', 'Not as described');
INSERT INTO returns VALUES (53, 605, '2024-01-24', 'Not as described');
INSERT INTO returns VALUES (54, 620, '2024-04-14', 'Wrong size');
INSERT INTO returns VALUES (55, 627, '2024-07-02', 'Wrong size');
INSERT INTO returns VALUES (56, 637, '2024-06-06', 'Defective');
INSERT INTO returns VALUES (57, 640, '2024-10-20', 'Defective');
INSERT INTO returns VALUES (58, 646, '2024-11-09', 'Defective');
INSERT INTO returns VALUES (59, 651, '2024-02-03', 'Changed my mind');
INSERT INTO returns VALUES (60, 652, '2024-01-29', 'Defective');
INSERT INTO returns VALUES (61, 664, '2024-12-28', 'Defective');
INSERT INTO returns VALUES (62, 670, '2024-04-11', 'Wrong size');
INSERT INTO returns VALUES (63, 679, '2024-04-24', 'Wrong size');
INSERT INTO returns VALUES (64, 688, '2024-03-05', 'Defective');
INSERT INTO returns VALUES (65, 692, '2024-09-02', 'Wrong size');
INSERT INTO returns VALUES (66, 694, '2024-02-08', 'Not as described');
INSERT INTO returns VALUES (67, 698, '2024-03-21', 'Defective');
INSERT INTO returns VALUES (68, 713, '2024-09-16', 'Wrong size');
INSERT INTO returns VALUES (69, 718, '2024-07-22', 'Changed my mind');
INSERT INTO returns VALUES (70, 725, '2024-08-06', 'Wrong size');
INSERT INTO returns VALUES (71, 729, '2024-12-01', 'Changed my mind');
INSERT INTO returns VALUES (72, 734, '2024-08-05', 'Changed my mind');
INSERT INTO returns VALUES (73, 738, '2024-02-27', 'Not as described');
INSERT INTO returns VALUES (74, 739, '2024-10-05', 'Wrong size');
INSERT INTO returns VALUES (75, 743, '2024-09-28', 'Defective');
INSERT INTO returns VALUES (76, 757, '2024-03-19', 'Wrong size');
INSERT INTO returns VALUES (77, 771, '2024-09-04', 'Changed my mind');
INSERT INTO returns VALUES (78, 782, '2024-03-23', 'Wrong size');
INSERT INTO returns VALUES (79, 788, '2024-03-25', 'Changed my mind');